placa,data,km
ACU9V94,2024-01-18,64426.0
ACU9V94,2024-02-07,68929.1
ACU9V94,2024-02-08,68932.8
ACU9V94,2024-02-10,69189.2
ACU9V94,2024-02-15,70246.4
ACU9V94,2024-02-17,70501.6
ACU9V94,2024-02-19,70978.3
ACU9V94,2024-02-22,71845.0
ACU9V94,2024-02-28,73007.6
ACU9V94,2024-03-04,74374.2
ACU9V94,2024-03-08,75525.6
ACU9V94,2024-03-11,75974.8
ACU9V94,2024-03-23,78590.9
ACU9V94,2024-03-25,79176.7
ACU9V94,2024-03-29,80231.7
ACU9V94,2024-04-29,87621.7
ACU9V94,2024-05-19,92038.9
ACU9V94,2024-05-22,92894.3
ACU9V94,2024-05-25,93711.9
ACU9V94,2024-05-28,94521.8
ACU9V94,2024-06-03,95838.7
ACU9V94,2024-06-07,97000.4
ACU9V94,2024-06-18,99724.5
ACU9V94,2024-06-27,101989.1
ACU9V94,2024-07-07,104695.4
ACU9V94,2024-07-08,105011.1
ACU9V94,2024-07-09,105297.0
ACU9V94,2024-07-11,105568.5
ACU9V94,2024-07-14,106403.3
ACU9V94,2024-07-19,107272.7
ACU9V94,2024-07-20,107529.8
ACU9V94,2024-07-31,109961.7
ACU9V94,2024-08-04,110795.0
ACU9V94,2024-08-06,111374.3
ACU9V94,2024-08-18,114503.4
ACU9V94,2024-08-22,115674.1
ACU9V94,2024-08-25,116557.0
ACU9V94,2024-09-01,117931.6
ACU9V94,2024-09-10,119824.3
ACU9V94,2024-09-16,120977.5
ACU9V94,2024-10-04,125150.3
ACU9V94,2024-10-26,130852.6
ACU9V94,2024-10-27,131160.9
ACU9V94,2024-11-10,134337.4
ACU9V94,2024-11-12,134591.3
ACU9V94,2024-11-13,134835.8
ACU9V94,2024-11-23,137506.2
ACU9V94,2024-12-05,139862.5
ACU9V94,2024-12-07,140449.0
ACU9V94,2024-12-08,140728.6
ACU9V94,2024-12-16,142335.5
ACU9V94,2024-12-18,142838.6
ACU9V94,2024-12-30,145660.4
ACU9V94,2025-01-09,148329.0
ACU9V94,2025-01-15,149941.7
ACU9V94,2025-01-29,153045.4
ACU9V94,2025-02-08,155699.2
ACU9V94,2025-02-15,157280.6
ACU9V94,2025-02-18,158151.2
ACU9V94,2025-02-19,158486.2
ACU9V94,2025-03-12,163098.8
ACU9V94,2025-03-13,163361.2
ACU9V94,2025-03-25,166207.7
ACU9V94,2025-03-26,166437.6
ACU9V94,2025-03-30,167537.0
ACU9V94,2025-04-06,169156.1
ACU9V94,2025-04-26,174134.8
ACU9V94,2025-05-06,176646.3
ACU9V94,2025-05-24,180682.2
ACU9V94,2025-05-28,181770.1
ACU9V94,2025-05-29,182048.9
ACU9V94,2025-05-31,182583.7
ACU9V94,2025-06-02,183086.1
ACU9V94,2025-06-03,183295.0
ACU9V94,2025-06-22,187670.7
ACU9V94,2025-07-02,190095.4
ACU9V94,2025-07-07,191162.7
ACU9V94,2025-07-13,192558.3
ACU9V94,2025-07-16,193279.8
ACU9V94,2025-07-19,194049.8
ACU9V94,2025-07-30,196604.9
ACU9V94,2025-08-01,197086.6
ACU9V94,2025-08-22,202496.8
ACU9V94,2025-08-30,204364.6
ACU9V94,2025-09-24,209663.0
ACU9V94,2025-09-25,209900.2
ACU9V94,2025-09-27,210447.4
ACU9V94,2025-10-12,213722.7
ACU9V94,2025-10-18,215271.0
ACU9V94,2025-10-26,216984.6
ACU9V94,2025-11-02,218418.9
ACU9V94,2025-11-10,220350.1
ACU9V94,2025-11-19,222853.1
ACU9V94,2025-12-01,225364.5
ACU9V94,2025-12-10,227632.2
ACU9V94,2025-12-11,227933.0
ACU9V94,2026-01-03,233251.8
ACU9V94,2026-01-11,235124.9
ACU9V94,2026-01-18,236951.4
ACU9V94,2026-01-24,238649.9
ACU9V94,2026-01-28,239693.3
ACU9V94,2026-02-07,242141.2
ACU9V94,2026-02-08,242408.8
ACU9V94,2026-02-14,244064.3
ACU9V94,2026-02-15,244399.4
ACU9V94,2026-02-18,245239.8
ACU9V94,2026-02-20,245763.3
ACU9V94,2026-03-02,248480.2
ACU9V94,2026-03-13,251289.6
ACU9V94,2026-03-28,254699.1
ACU9V94,2026-04-02,256082.4
ACU9V94,2026-04-05,256871.2
ACU9V94,2026-04-22,260881.2
ACU9V94,2026-04-27,261975.8
ACU9V94,2026-04-30,262781.1
ACU9V94,2026-05-22,268339.6
ACU9V94,2026-05-25,269228.1
BBL0A11,2024-01-14,18671.3
BBL0A11,2024-01-16,19046.7
BBL0A11,2024-01-24,20258.3
BBL0A11,2024-01-26,20586.3
BBL0A11,2024-01-29,21111.3
BBL0A11,2024-01-30,21279.5
BBL0A11,2024-01-31,21445.9
BBL0A11,2024-02-03,21836.7
BBL0A11,2024-02-08,22656.1
BBL0A11,2024-02-14,23343.2
BBL0A11,2024-02-18,23705.3
BBL0A11,2024-03-02,25825.1
BBL0A11,2024-03-05,26182.9
BBL0A11,2024-03-06,26355.8
BBL0A11,2024-03-10,27137.9
BBL0A11,2024-03-23,28956.5
BBL0A11,2024-03-25,29300.0
BBL0A11,2024-04-06,31316.7
BBL0A11,2024-04-07,31489.2
BBL0A11,2024-04-10,32023.9
BBL0A11,2024-05-01,35293.3
BBL0A11,2024-05-03,35637.5
BBL0A11,2024-05-11,36648.5
BBL0A11,2024-05-15,37327.9
BBL0A11,2024-05-22,38467.1
BBL0A11,2024-05-31,39863.0
BBL0A11,2024-06-07,40929.8
BBL0A11,2024-06-26,44157.6
BBL0A11,2024-07-23,47444.5
BBL0A11,2024-08-04,49500.4
BBL0A11,2024-08-05,49619.4
BBL0A11,2024-08-26,53173.7
BBL0A11,2024-08-29,53707.2
BBL0A11,2024-09-11,55837.1
BBL0A11,2024-09-20,57567.7
BBL0A11,2024-09-29,59281.0
BBL0A11,2024-10-17,62488.9
BBL0A11,2024-10-20,62871.3
BBL0A11,2024-10-26,63950.5
BBL0A11,2024-10-27,64126.8
BBL0A11,2024-11-05,65649.3
BBL0A11,2024-11-12,66913.0
BBL0A11,2024-11-17,67818.1
BBL0A11,2024-11-26,69153.7
BBL0A11,2024-12-12,71339.3
BBL0A11,2024-12-13,71336.8
BBL0A11,2024-12-19,72290.0
BBL0A11,2024-12-21,72649.3
BBL0A11,2024-12-27,73790.6
BBL0A11,2024-12-28,73980.6
BBL0A11,2025-01-08,76009.6
BBL0A11,2025-01-09,76195.4
BBL0A11,2025-01-10,76369.9
BBL0A11,2025-01-16,77477.1
BBL0A11,2025-01-18,77808.3
BBL0A11,2025-01-19,77981.5
BBL0A11,2025-02-26,84058.0
BBL0A11,2025-03-01,84556.9
BBL0A11,2025-03-10,85751.8
BBL0A11,2025-03-13,86208.1
BBL0A11,2025-03-31,88818.8
BBL0A11,2025-04-15,91197.8
BBL0A11,2025-04-29,93519.7
BBL0A11,2025-05-16,96593.4
BBL0A11,2025-05-26,98144.2
BBL0A11,2025-06-07,99639.6
BBL0A11,2025-06-09,99972.8
BBL0A11,2025-06-12,100287.5
BBL0A11,2025-06-14,100287.6
BBL0A11,2025-06-15,100397.1
BBL0A11,2025-06-21,101374.7
BBL0A11,2025-06-22,101544.4
BBL0A11,2025-06-26,102321.1
BBL0A11,2025-07-12,104627.1
BBL0A11,2025-07-22,105669.7
BBL0A11,2025-07-24,105998.9
BBL0A11,2025-07-25,106165.2
BBL0A11,2025-07-27,106487.4
BBL0A11,2025-07-28,106698.1
BBL0A11,2025-08-11,109085.1
BBL0A11,2025-08-14,109570.5
BBL0A11,2025-08-15,109728.5
BBL0A11,2025-08-21,110819.8
BBL0A11,2025-09-05,113013.0
BBL0A11,2025-09-06,113157.5
BBL0A11,2025-09-16,114868.5
BBL0A11,2025-09-29,116999.8
BBL0A11,2025-10-02,117550.3
BBL0A11,2025-10-10,118772.8
BBL0A11,2025-10-12,119144.0
BBL0A11,2025-10-22,120583.3
BBL0A11,2025-10-23,120693.9
BBL0A11,2025-10-27,120844.1
BBL0A11,2025-10-31,121375.5
BBL0A11,2025-11-09,122624.7
BBL0A11,2025-11-14,123357.7
BBL0A11,2025-11-30,126077.7
BBL0A11,2025-12-06,126845.2
BBL0A11,2025-12-12,127904.8
BBL0A11,2025-12-17,128694.7
BBL0A11,2025-12-19,128986.1
BBL0A11,2026-01-15,133333.9
BBL0A11,2026-01-19,133844.9
BBL0A11,2026-01-20,134026.3
BBL0A11,2026-01-21,134170.7
BBL0A11,2026-01-23,134512.4
BBL0A11,2026-02-07,136910.2
BBL0A11,2026-02-08,137080.1
BBL0A11,2026-02-10,137455.5
BBL0A11,2026-02-17,138568.0
BBL0A11,2026-02-18,138777.6
BBL0A11,2026-03-05,140909.6
BBL0A11,2026-03-06,141115.4
BBL0A11,2026-03-09,141418.6
BBL0A11,2026-03-14,141950.5
BBL0A11,2026-03-17,142423.5
BBL0A11,2026-03-19,142761.4
BBL0A11,2026-03-21,143123.8
BBL0A11,2026-03-22,143307.3
BBL0A11,2026-04-01,144716.6
BBL0A11,2026-04-11,146536.6
BBL0A11,2026-04-23,148543.7
BBL0A11,2026-04-25,148908.0
BBL0A11,2026-04-29,149671.1
BBL0A11,2026-05-06,150913.6
BBL0A11,2026-05-12,151604.7
BKI7N60,2024-01-03,94645.4
BKI7N60,2024-01-10,96238.8
BKI7N60,2024-01-12,96709.1
BKI7N60,2024-01-13,96969.9
BKI7N60,2024-01-16,97531.2
BKI7N60,2024-01-19,98331.8
BKI7N60,2024-01-31,100472.5
BKI7N60,2024-02-07,102036.4
BKI7N60,2024-03-08,108952.0
BKI7N60,2024-03-13,109865.6
BKI7N60,2024-03-26,113103.7
BKI7N60,2024-04-14,116350.1
BKI7N60,2024-05-06,121011.4
BKI7N60,2024-05-07,121240.4
BKI7N60,2024-05-17,123736.6
BKI7N60,2024-05-23,124793.3
BKI7N60,2024-05-26,125295.6
BKI7N60,2024-06-01,126955.4
BKI7N60,2024-06-04,127174.9
BKI7N60,2024-06-05,127427.7
BKI7N60,2024-06-06,127429.5
BKI7N60,2024-06-15,129555.1
BKI7N60,2024-06-18,130386.5
BKI7N60,2024-06-29,132886.0
BKI7N60,2024-07-01,133446.0
BKI7N60,2024-07-19,137708.1
BKI7N60,2024-08-31,147475.6
BKI7N60,2024-09-05,148016.5
BKI7N60,2024-09-07,148551.2
BKI7N60,2024-09-10,149399.7
BKI7N60,2024-09-20,151470.6
BKI7N60,2024-09-21,151731.3
BKI7N60,2024-09-27,152813.2
BKI7N60,2024-10-10,155171.7
BKI7N60,2024-10-15,156524.2
BKI7N60,2024-10-19,157416.4
BKI7N60,2024-10-26,158853.5
BKI7N60,2024-11-05,160985.2
BKI7N60,2024-11-12,162286.6
BKI7N60,2024-11-14,162833.9
BKI7N60,2024-11-27,165866.5
BKI7N60,2024-12-15,169889.9
BKI7N60,2024-12-18,170705.0
BKI7N60,2024-12-22,171815.5
BKI7N60,2025-01-09,175318.8
BKI7N60,2025-01-13,176208.3
BKI7N60,2025-01-18,177291.1
BKI7N60,2025-01-28,180015.4
BKI7N60,2025-02-06,182165.3
BKI7N60,2025-02-07,182457.7
BKI7N60,2025-02-12,183759.6
BKI7N60,2025-02-21,186261.9
BKI7N60,2025-02-26,187642.8
BKI7N60,2025-02-28,188209.5
BKI7N60,2025-03-05,189048.6
BKI7N60,2025-03-12,190616.5
BKI7N60,2025-03-22,192468.7
BKI7N60,2025-04-07,195393.5
BKI7N60,2025-04-08,195640.3
BKI7N60,2025-04-12,196487.1
BKI7N60,2025-04-14,196479.4
BKI7N60,2025-04-25,198804.7
BKI7N60,2025-04-29,199669.6
BKI7N60,2025-05-03,200216.7
BKI7N60,2025-05-04,200216.1
BKI7N60,2025-05-15,202332.2
BKI7N60,2025-06-02,205515.5
BKI7N60,2025-06-05,206277.0
BKI7N60,2025-06-06,206294.6
BKI7N60,2025-06-18,208488.8
BKI7N60,2025-06-27,210783.4
BKI7N60,2025-07-04,212728.8
BKI7N60,2025-07-14,214312.7
BKI7N60,2025-07-19,215629.6
BKI7N60,2025-07-20,215887.1
BKI7N60,2025-07-23,216680.9
BKI7N60,2025-08-04,219395.0
BKI7N60,2025-08-15,222164.6
BKI7N60,2025-08-18,222697.2
BKI7N60,2025-09-04,226453.4
BKI7N60,2025-09-06,227040.9
BKI7N60,2025-09-09,227622.3
BKI7N60,2025-09-17,229291.9
BKI7N60,2025-09-23,230670.6
BKI7N60,2025-09-28,231255.6
BKI7N60,2025-10-18,234976.6
BKI7N60,2025-10-25,236627.8
BKI7N60,2025-10-30,237424.9
BKI7N60,2025-11-01,237962.9
BKI7N60,2025-11-04,238827.1
BKI7N60,2025-11-06,239117.2
BKI7N60,2025-11-11,240456.5
BKI7N60,2025-12-08,246330.5
BKI7N60,2025-12-11,247164.9
BKI7N60,2025-12-29,251716.6
BKI7N60,2026-01-03,252937.2
BKI7N60,2026-01-08,253924.8
BKI7N60,2026-01-09,254206.4
BKI7N60,2026-01-19,256334.4
BKI7N60,2026-01-25,257670.6
BKI7N60,2026-01-27,258170.7
BKI7N60,2026-02-02,259241.5
BKI7N60,2026-02-28,265432.6
BKI7N60,2026-03-10,267920.8
BKI7N60,2026-03-12,267921.7
BKI7N60,2026-03-14,268464.9
BKI7N60,2026-03-20,269536.4
BKI7N60,2026-03-22,270097.1
BKI7N60,2026-03-23,270336.4
BKI7N60,2026-03-30,271928.5
BKI7N60,2026-04-15,274997.2
BKI7N60,2026-04-19,275846.1
BKI7N60,2026-04-26,277753.4
BKI7N60,2026-04-29,278580.4
BKI7N60,2026-05-03,279661.8
BKI7N60,2026-05-08,280725.4
BKI7N60,2026-05-12,281510.8
BKI7N60,2026-05-13,281754.6
BKI7N60,2026-05-16,282270.1
BKI7N60,2026-05-18,282765.9
BKI7N60,2026-05-26,284715.8
BKI7N60,2026-05-31,285285.0
CLH0V58,2024-01-05,26440.1
CLH0V58,2024-01-10,26849.6
CLH0V58,2024-01-18,27621.5
CLH0V58,2024-02-16,30095.3
CLH0V58,2024-02-25,30977.3
CLH0V58,2024-03-01,31434.6
CLH0V58,2024-03-03,31629.8
CLH0V58,2024-03-04,31725.3
CLH0V58,2024-03-09,32235.1
CLH0V58,2024-03-11,32476.3
CLH0V58,2024-03-28,34115.7
CLH0V58,2024-04-09,35043.8
CLH0V58,2024-04-17,35759.3
CLH0V58,2024-04-18,35847.5
CLH0V58,2024-04-23,36305.6
CLH0V58,2024-04-25,36490.7
CLH0V58,2024-05-09,37758.4
CLH0V58,2024-05-22,38995.6
CLH0V58,2024-05-26,39323.2
CLH0V58,2024-05-29,39672.0
CLH0V58,2024-06-15,41304.8
CLH0V58,2024-06-21,41858.3
CLH0V58,2024-07-01,42853.9
CLH0V58,2024-07-06,43428.0
CLH0V58,2024-08-13,47108.1
CLH0V58,2024-08-14,47238.1
CLH0V58,2024-08-23,48160.5
CLH0V58,2024-08-24,48265.0
CLH0V58,2024-08-26,48419.7
CLH0V58,2024-08-31,48822.6
CLH0V58,2024-09-08,49398.8
CLH0V58,2024-09-17,50385.3
CLH0V58,2024-09-21,50815.2
CLH0V58,2024-09-24,51059.0
CLH0V58,2024-09-28,51474.0
CLH0V58,2024-10-07,52273.2
CLH0V58,2024-10-08,52268.8
CLH0V58,2024-10-14,52814.3
CLH0V58,2024-10-16,53022.3
CLH0V58,2024-10-29,54418.0
CLH0V58,2024-11-11,55809.3
CLH0V58,2024-11-17,56487.3
CLH0V58,2024-11-18,56576.5
CLH0V58,2024-11-20,56784.3
CLH0V58,2024-12-01,57771.3
CLH0V58,2024-12-09,58672.1
CLH0V58,2024-12-15,59281.2
CLH0V58,2024-12-16,59398.5
CLH0V58,2025-01-09,61744.0
CLH0V58,2025-01-12,62062.3
CLH0V58,2025-01-15,62427.0
CLH0V58,2025-01-22,63017.9
CLH0V58,2025-01-25,63347.8
CLH0V58,2025-01-26,63432.3
CLH0V58,2025-01-28,63640.6
CLH0V58,2025-01-31,63918.5
CLH0V58,2025-02-02,64136.3
CLH0V58,2025-02-10,64804.9
CLH0V58,2025-02-12,64993.5
CLH0V58,2025-02-13,65130.4
CLH0V58,2025-02-27,66040.8
CLH0V58,2025-03-16,67317.6
CLH0V58,2025-03-17,67318.9
CLH0V58,2025-03-19,67536.6
CLH0V58,2025-04-11,69122.3
CLH0V58,2025-04-16,69408.1
CLH0V58,2025-04-19,69713.4
CLH0V58,2025-04-23,70006.7
CLH0V58,2025-04-30,70630.6
CLH0V58,2025-05-04,71010.9
CLH0V58,2025-05-30,73452.0
CLH0V58,2025-06-12,74650.7
CLH0V58,2025-06-27,76013.3
CLH0V58,2025-07-03,76574.8
CLH0V58,2025-07-09,77223.9
CLH0V58,2025-07-20,78255.4
CLH0V58,2025-07-26,78719.9
CLH0V58,2025-08-05,79808.5
CLH0V58,2025-08-08,80167.6
CLH0V58,2025-08-21,81432.5
CLH0V58,2025-10-13,86695.7
CLH0V58,2025-10-15,86918.5
CLH0V58,2025-10-17,87096.7
CLH0V58,2025-10-23,87580.1
CLH0V58,2025-10-24,87703.6
CLH0V58,2025-10-25,87789.0
CLH0V58,2025-11-19,89821.7
CLH0V58,2025-12-12,91843.2
CLH0V58,2025-12-24,93175.7
CLH0V58,2025-12-26,93387.6
CLH0V58,2025-12-29,93705.7
CLH0V58,2026-01-02,94118.1
CLH0V58,2026-01-11,94935.2
CLH0V58,2026-01-27,96385.7
CLH0V58,2026-01-28,96478.6
CLH0V58,2026-01-29,96582.9
CLH0V58,2026-02-08,97577.9
CLH0V58,2026-02-15,98089.1
CLH0V58,2026-03-03,99786.9
CLH0V58,2026-03-08,100266.9
CLH0V58,2026-03-19,101149.7
CLH0V58,2026-03-22,101387.7
CLH0V58,2026-03-24,101481.3
CLH0V58,2026-04-02,102435.9
CLH0V58,2026-04-14,103414.6
CLH0V58,2026-04-15,103500.2
CLH0V58,2026-04-30,105009.5
CLH0V58,2026-05-03,105312.0
CLH0V58,2026-05-04,105459.2
CLH0V58,2026-05-07,105563.1
CLH0V58,2026-05-11,105767.1
CLH0V58,2026-05-20,106682.8
CLH0V58,2026-05-28,107526.1
CUR4L80,2024-01-01,142554.7
CUR4L80,2024-02-01,144007.1
CUR4L80,2024-02-12,144571.4
CUR4L80,2024-03-01,145532.8
CUR4L80,2024-03-02,145577.1
CUR4L80,2024-03-11,146101.5
CUR4L80,2024-03-12,146160.4
CUR4L80,2024-03-24,146643.3
CUR4L80,2024-03-30,146988.0
CUR4L80,2024-04-13,147753.5
CUR4L80,2024-04-19,148030.8
CUR4L80,2024-05-05,148748.7
CUR4L80,2024-05-06,148820.5
CUR4L80,2024-06-07,150513.6
CUR4L80,2024-06-12,150841.2
CUR4L80,2024-06-20,151218.2
CUR4L80,2024-07-03,151980.2
CUR4L80,2024-07-09,152166.3
CUR4L80,2024-07-17,152508.5
CUR4L80,2024-07-18,152576.3
CUR4L80,2024-08-17,154043.7
CUR4L80,2024-08-21,154164.5
CUR4L80,2024-08-24,154360.2
CUR4L80,2024-08-31,154908.3
CUR4L80,2024-09-15,155548.1
CUR4L80,2024-09-23,155674.8
CUR4L80,2024-09-30,155988.5
CUR4L80,2024-10-01,156037.1
CUR4L80,2024-10-17,156861.3
CUR4L80,2024-12-03,159464.3
CUR4L80,2024-12-18,160288.9
CUR4L80,2024-12-25,160440.2
CUR4L80,2024-12-26,160502.3
CUR4L80,2025-01-01,160878.0
CUR4L80,2025-01-03,160949.8
CUR4L80,2025-01-08,161242.7
CUR4L80,2025-01-24,162103.8
CUR4L80,2025-01-28,162374.8
CUR4L80,2025-02-02,162605.8
CUR4L80,2025-02-11,162995.7
CUR4L80,2025-02-20,163270.7
CUR4L80,2025-02-23,163488.8
CUR4L80,2025-02-26,163623.5
CUR4L80,2025-03-04,163780.2
CUR4L80,2025-03-20,164532.6
CUR4L80,2025-03-21,164543.2
CUR4L80,2025-03-22,164545.6
CUR4L80,2025-03-23,164536.5
CUR4L80,2025-03-27,164756.0
CUR4L80,2025-04-01,164997.6
CUR4L80,2025-04-03,165156.8
CUR4L80,2025-04-29,166631.2
CUR4L80,2025-05-09,167273.4
CUR4L80,2025-05-15,167688.6
CUR4L80,2025-05-17,167684.1
CUR4L80,2025-05-19,167757.1
CUR4L80,2025-05-21,167894.8
CUR4L80,2025-05-30,168275.5
CUR4L80,2025-06-01,168342.2
CUR4L80,2025-06-02,168410.1
CUR4L80,2025-06-09,168863.0
CUR4L80,2025-06-21,169408.3
CUR4L80,2025-06-22,169486.4
CUR4L80,2025-06-26,169684.8
CUR4L80,2025-07-02,169881.0
CUR4L80,2025-07-05,170093.7
CUR4L80,2025-07-13,170533.9
CUR4L80,2025-07-19,170957.3
CUR4L80,2025-07-31,171663.5
CUR4L80,2025-08-19,172628.3
CUR4L80,2025-08-27,173147.4
CUR4L80,2025-09-04,173499.8
CUR4L80,2025-09-10,173906.4
CUR4L80,2025-09-11,173914.7
CUR4L80,2025-09-14,174123.8
CUR4L80,2025-09-24,174573.2
CUR4L80,2025-10-02,174923.9
CUR4L80,2025-10-05,175048.4
CUR4L80,2025-10-18,175753.9
CUR4L80,2025-11-04,176578.0
CUR4L80,2025-11-24,177764.8
CUR4L80,2025-11-26,177819.0
CUR4L80,2025-12-08,178474.8
CUR4L80,2025-12-27,179136.4
CUR4L80,2026-01-16,180215.1
CUR4L80,2026-01-21,180493.7
CUR4L80,2026-02-27,182052.7
CUR4L80,2026-03-02,182177.1
CUR4L80,2026-03-09,182513.8
CUR4L80,2026-03-21,183070.9
CUR4L80,2026-03-22,183113.3
CUR4L80,2026-03-29,183447.3
CUR4L80,2026-04-05,183859.0
CUR4L80,2026-04-06,183909.7
CUR4L80,2026-04-12,184248.3
CUR4L80,2026-04-17,184466.5
CUR4L80,2026-04-19,184617.4
CUR4L80,2026-04-23,184691.3
CUR4L80,2026-04-24,184751.0
CUR4L80,2026-04-29,185063.8
CUR4L80,2026-05-04,185378.0
CUR4L80,2026-05-05,185434.0
CUR4L80,2026-05-09,185620.2
CUR4L80,2026-05-21,186274.9
CUR4L80,2026-05-24,186464.2
DRO2O72,2024-01-10,28189.4
DRO2O72,2024-01-14,29382.0
DRO2O72,2024-01-31,33590.5
DRO2O72,2024-02-01,33870.7
DRO2O72,2024-02-09,36177.9
DRO2O72,2024-02-10,36476.2
DRO2O72,2024-02-16,38035.8
DRO2O72,2024-03-09,44371.4
DRO2O72,2024-03-10,44624.4
DRO2O72,2024-03-11,44922.6
DRO2O72,2024-03-16,46303.9
DRO2O72,2024-03-17,46587.8
DRO2O72,2024-03-18,46825.2
DRO2O72,2024-03-22,47418.8
DRO2O72,2024-04-02,50496.4
DRO2O72,2024-04-09,52498.9
DRO2O72,2024-04-20,55542.0
DRO2O72,2024-05-04,59278.2
DRO2O72,2024-05-05,59577.9
DRO2O72,2024-05-17,62731.5
DRO2O72,2024-05-19,63304.9
DRO2O72,2024-05-24,64380.3
DRO2O72,2024-05-30,65823.8
DRO2O72,2024-05-31,66035.5
DRO2O72,2024-06-09,68590.7
DRO2O72,2024-06-22,72091.3
DRO2O72,2024-06-25,72863.0
DRO2O72,2024-07-02,74915.5
DRO2O72,2024-07-04,75450.7
DRO2O72,2024-07-15,78369.4
DRO2O72,2024-07-17,78656.9
DRO2O72,2024-07-20,79498.6
DRO2O72,2024-07-24,80653.8
DRO2O72,2024-08-01,82643.4
DRO2O72,2024-08-03,83155.4
DRO2O72,2024-08-07,84278.7
DRO2O72,2024-08-09,84860.6
DRO2O72,2024-08-14,86330.8
DRO2O72,2024-08-16,86833.4
DRO2O72,2024-08-25,89367.9
DRO2O72,2024-09-04,92313.1
DRO2O72,2024-09-15,95333.6
DRO2O72,2024-09-20,96745.2
DRO2O72,2024-09-25,97852.2
DRO2O72,2024-10-01,99673.0
DRO2O72,2024-10-03,100218.1
DRO2O72,2024-10-08,101422.0
DRO2O72,2024-10-10,101959.0
DRO2O72,2024-10-14,103033.2
DRO2O72,2024-10-20,104774.1
DRO2O72,2024-11-04,109085.0
DRO2O72,2024-11-13,111561.0
DRO2O72,2024-11-14,111862.5
DRO2O72,2024-11-16,112456.6
DRO2O72,2024-11-17,112729.3
DRO2O72,2024-11-18,112983.5
DRO2O72,2024-12-09,118702.0
DRO2O72,2024-12-16,120302.0
DRO2O72,2024-12-30,123632.5
DRO2O72,2025-01-06,125565.9
DRO2O72,2025-01-07,125840.5
DRO2O72,2025-01-18,128549.2
DRO2O72,2025-03-07,141703.3
DRO2O72,2025-03-08,141701.7
DRO2O72,2025-03-12,142860.1
DRO2O72,2025-03-25,146417.7
DRO2O72,2025-03-28,147291.3
DRO2O72,2025-03-29,147598.2
DRO2O72,2025-04-02,148751.1
DRO2O72,2025-04-03,149001.2
DRO2O72,2025-04-13,151567.8
DRO2O72,2025-04-15,152165.4
DRO2O72,2025-04-21,153948.2
DRO2O72,2025-04-22,154239.2
DRO2O72,2025-04-23,154227.4
DRO2O72,2025-04-28,155406.3
DRO2O72,2025-05-02,156527.0
DRO2O72,2025-05-04,157081.5
DRO2O72,2025-05-09,158518.9
DRO2O72,2025-05-16,159672.0
DRO2O72,2025-05-23,161729.1
DRO2O72,2025-05-24,161728.6
DRO2O72,2025-06-04,164390.5
DRO2O72,2025-06-10,165665.6
DRO2O72,2025-06-13,166556.5
DRO2O72,2025-06-16,167438.3
DRO2O72,2025-06-25,169793.1
DRO2O72,2025-06-29,170964.0
DRO2O72,2025-07-01,171507.0
DRO2O72,2025-07-09,173407.9
DRO2O72,2025-07-12,174307.3
DRO2O72,2025-07-19,175979.5
DRO2O72,2025-07-22,176743.5
DRO2O72,2025-08-01,179575.1
DRO2O72,2025-08-17,183751.7
DRO2O72,2025-09-02,188058.7
DRO2O72,2025-09-10,190349.9
DRO2O72,2025-09-26,194841.7
DRO2O72,2025-10-01,196003.2
DRO2O72,2025-10-05,196908.8
DRO2O72,2025-10-19,200838.1
DRO2O72,2025-10-20,200824.7
DRO2O72,2025-10-31,203450.1
DRO2O72,2025-11-01,203735.2
DRO2O72,2025-11-09,205626.1
DRO2O72,2025-11-13,206776.1
DRO2O72,2025-12-01,211508.9
DRO2O72,2025-12-04,212372.7
DRO2O72,2025-12-13,214925.2
DRO2O72,2025-12-15,215203.5
DRO2O72,2025-12-24,217516.2
DRO2O72,2026-01-03,220157.4
DRO2O72,2026-01-25,226144.9
DRO2O72,2026-01-31,227526.5
DRO2O72,2026-02-09,229761.2
DRO2O72,2026-02-13,230928.3
DRO2O72,2026-02-15,231450.4
DRO2O72,2026-02-23,233669.2
DRO2O72,2026-02-25,234199.1
DRO2O72,2026-03-03,235918.4
DRO2O72,2026-03-08,237042.8
DRO2O72,2026-03-09,237319.3
DRO2O72,2026-03-30,242952.6
DRO2O72,2026-04-03,244043.4
DRO2O72,2026-04-07,245257.3
DRO2O72,2026-04-22,248762.8
DRO2O72,2026-04-30,250741.3
DRO2O72,2026-05-02,251278.3
DRO2O72,2026-05-15,254013.6
DRO2O72,2026-05-18,254845.0
DWO7U54,2024-01-01,48636.2
DWO7U54,2024-01-04,49584.2
DWO7U54,2024-01-17,52987.4
DWO7U54,2024-02-07,58374.9
DWO7U54,2024-02-27,63540.1
DWO7U54,2024-03-02,64714.4
DWO7U54,2024-03-04,65303.9
DWO7U54,2024-03-09,66429.8
DWO7U54,2024-03-19,69166.3
DWO7U54,2024-03-21,69468.6
DWO7U54,2024-03-23,70079.2
DWO7U54,2024-03-25,70684.4
DWO7U54,2024-04-01,72765.9
DWO7U54,2024-04-05,73754.0
DWO7U54,2024-04-06,74041.8
DWO7U54,2024-04-20,78099.9
DWO7U54,2024-05-11,83710.2
DWO7U54,2024-05-21,86207.1
DWO7U54,2024-06-06,90537.0
DWO7U54,2024-06-22,94948.1
DWO7U54,2024-06-29,96495.0
DWO7U54,2024-07-03,97626.9
DWO7U54,2024-07-04,97938.0
DWO7U54,2024-07-13,100514.0
DWO7U54,2024-07-17,101613.1
DWO7U54,2024-07-29,105201.6
DWO7U54,2024-08-03,106705.5
DWO7U54,2024-08-04,106984.4
DWO7U54,2024-08-05,107314.4
DWO7U54,2024-08-16,110080.1
DWO7U54,2024-08-18,110341.7
DWO7U54,2024-09-03,115009.0
DWO7U54,2024-09-04,115311.6
DWO7U54,2024-09-21,120357.9
DWO7U54,2024-09-24,121203.9
DWO7U54,2024-09-26,121895.9
DWO7U54,2024-10-03,123625.6
DWO7U54,2024-10-04,123936.8
DWO7U54,2024-10-17,126923.0
DWO7U54,2024-10-24,128784.6
DWO7U54,2024-10-27,129685.4
DWO7U54,2024-11-04,131495.6
DWO7U54,2024-11-14,134464.5
DWO7U54,2024-11-24,137558.0
DWO7U54,2024-12-03,140069.9
DWO7U54,2024-12-05,140718.2
DWO7U54,2024-12-07,141400.2
DWO7U54,2024-12-09,141953.6
DWO7U54,2024-12-10,142207.2
DWO7U54,2024-12-28,147034.9
DWO7U54,2025-01-09,151015.7
DWO7U54,2025-01-13,151752.7
DWO7U54,2025-01-30,155737.1
DWO7U54,2025-02-10,159110.6
DWO7U54,2025-02-18,161401.1
DWO7U54,2025-02-21,162207.3
DWO7U54,2025-03-03,165142.8
DWO7U54,2025-03-10,167260.7
DWO7U54,2025-03-12,167919.6
DWO7U54,2025-03-21,170654.1
DWO7U54,2025-03-22,170851.3
DWO7U54,2025-03-26,172063.5
DWO7U54,2025-04-13,176274.2
DWO7U54,2025-04-16,176939.4
DWO7U54,2025-04-23,178698.4
DWO7U54,2025-04-27,179522.1
DWO7U54,2025-05-13,183020.7
DWO7U54,2025-05-19,184583.0
DWO7U54,2025-05-28,187116.1
DWO7U54,2025-06-14,191485.6
DWO7U54,2025-06-15,191717.6
DWO7U54,2025-06-26,194401.6
DWO7U54,2025-07-22,200798.8
DWO7U54,2025-07-28,202440.1
DWO7U54,2025-07-31,203262.4
DWO7U54,2025-08-04,204126.8
DWO7U54,2025-09-01,211115.1
DWO7U54,2025-09-08,213377.4
DWO7U54,2025-09-10,213724.1
DWO7U54,2025-09-13,214536.1
DWO7U54,2025-09-15,215110.9
DWO7U54,2025-09-16,215344.2
DWO7U54,2025-09-23,217420.8
DWO7U54,2025-10-10,222135.4
DWO7U54,2025-10-13,223098.8
DWO7U54,2025-10-22,225611.2
DWO7U54,2025-10-29,227381.3
DWO7U54,2025-11-02,228236.3
DWO7U54,2025-11-08,229369.7
DWO7U54,2025-11-15,231348.6
DWO7U54,2025-12-04,235922.7
DWO7U54,2025-12-13,238661.8
DWO7U54,2025-12-28,242488.4
DWO7U54,2025-12-30,243212.4
DWO7U54,2025-12-31,243464.7
DWO7U54,2026-01-01,243860.8
DWO7U54,2026-01-03,244391.1
DWO7U54,2026-01-19,248529.1
DWO7U54,2026-01-26,249988.6
DWO7U54,2026-02-05,252546.2
DWO7U54,2026-02-06,252875.8
DWO7U54,2026-02-10,253735.3
DWO7U54,2026-02-13,254549.2
DWO7U54,2026-02-14,254793.6
DWO7U54,2026-02-20,256459.3
DWO7U54,2026-02-28,258553.1
DWO7U54,2026-03-03,259373.8
DWO7U54,2026-03-10,261585.9
DWO7U54,2026-03-13,262595.7
DWO7U54,2026-03-17,263744.5
DWO7U54,2026-04-10,270413.4
DWO7U54,2026-04-26,274079.1
DWO7U54,2026-05-15,278300.9
DWO7U54,2026-05-20,279487.3
EPT4W31,2024-01-04,135485.7
EPT4W31,2024-01-09,136424.1
EPT4W31,2024-01-20,138234.5
EPT4W31,2024-01-21,138438.7
EPT4W31,2024-01-22,138597.9
EPT4W31,2024-01-26,139400.0
EPT4W31,2024-01-29,139918.6
EPT4W31,2024-01-31,140279.9
EPT4W31,2024-02-06,141459.4
EPT4W31,2024-03-06,145881.7
EPT4W31,2024-03-09,146266.0
EPT4W31,2024-03-13,146766.7
EPT4W31,2024-03-15,146761.5
EPT4W31,2024-03-16,146932.2
EPT4W31,2024-03-20,147499.7
EPT4W31,2024-03-22,147657.7
EPT4W31,2024-03-26,148425.7
EPT4W31,2024-04-05,150145.5
EPT4W31,2024-04-13,151289.1
EPT4W31,2024-04-15,151643.5
EPT4W31,2024-04-30,153774.4
EPT4W31,2024-05-01,153996.4
EPT4W31,2024-05-02,153997.7
EPT4W31,2024-05-05,154560.6
EPT4W31,2024-05-17,156654.3
EPT4W31,2024-05-26,157727.0
EPT4W31,2024-05-29,158141.2
EPT4W31,2024-06-06,159335.2
EPT4W31,2024-06-07,159508.2
EPT4W31,2024-06-17,160921.2
EPT4W31,2024-06-19,161261.3
EPT4W31,2024-06-25,162156.5
EPT4W31,2024-07-27,167070.5
EPT4W31,2024-07-28,167207.8
EPT4W31,2024-07-29,167363.0
EPT4W31,2024-08-05,168435.3
EPT4W31,2024-08-08,168813.5
EPT4W31,2024-08-09,168949.5
EPT4W31,2024-08-12,169304.3
EPT4W31,2024-08-23,171049.8
EPT4W31,2024-08-24,171257.3
EPT4W31,2024-08-27,171444.4
EPT4W31,2024-09-12,173831.1
EPT4W31,2024-10-02,176738.4
EPT4W31,2024-10-03,176903.5
EPT4W31,2024-10-09,177839.6
EPT4W31,2024-10-14,178570.2
EPT4W31,2024-10-28,180382.9
EPT4W31,2024-11-01,181109.8
EPT4W31,2024-11-05,181325.7
EPT4W31,2024-11-06,181468.1
EPT4W31,2024-11-07,181608.3
EPT4W31,2024-11-13,182440.9
EPT4W31,2024-12-02,184741.5
EPT4W31,2024-12-03,184741.2
EPT4W31,2024-12-16,186548.2
EPT4W31,2024-12-19,186920.7
EPT4W31,2025-01-05,189038.4
EPT4W31,2025-01-11,189936.0
EPT4W31,2025-01-14,190515.4
EPT4W31,2025-01-23,192103.8
EPT4W31,2025-01-28,192828.4
EPT4W31,2025-02-04,193218.0
EPT4W31,2025-02-05,193205.1
EPT4W31,2025-02-13,194415.3
EPT4W31,2025-02-16,194988.2
EPT4W31,2025-02-17,195217.3
EPT4W31,2025-02-21,195548.6
EPT4W31,2025-02-25,196252.8
EPT4W31,2025-03-11,198644.4
EPT4W31,2025-03-13,198970.7
EPT4W31,2025-03-25,200734.3
EPT4W31,2025-04-06,202428.8
EPT4W31,2025-04-24,204591.0
EPT4W31,2025-05-05,206057.6
EPT4W31,2025-05-14,207719.4
EPT4W31,2025-05-21,208859.7
EPT4W31,2025-06-10,211575.2
EPT4W31,2025-06-13,211949.1
EPT4W31,2025-06-18,212887.2
EPT4W31,2025-06-20,213072.8
EPT4W31,2025-06-22,213424.3
EPT4W31,2025-06-24,213772.7
EPT4W31,2025-07-04,215401.6
EPT4W31,2025-07-09,215902.1
EPT4W31,2025-07-12,216230.2
EPT4W31,2025-07-14,216373.7
EPT4W31,2025-07-21,217354.2
EPT4W31,2025-07-23,217531.1
EPT4W31,2025-07-26,217913.2
EPT4W31,2025-08-02,218831.0
EPT4W31,2025-08-08,219544.9
EPT4W31,2025-08-12,220067.9
EPT4W31,2025-08-15,220592.8
EPT4W31,2025-08-24,222191.5
EPT4W31,2025-09-20,226244.4
EPT4W31,2025-09-28,227783.5
EPT4W31,2025-09-30,227985.0
EPT4W31,2025-10-08,229238.9
EPT4W31,2025-10-31,232233.5
EPT4W31,2025-11-02,232643.2
EPT4W31,2025-11-04,232981.8
EPT4W31,2025-11-08,233649.5
EPT4W31,2025-11-12,234186.7
EPT4W31,2025-11-26,236303.5
EPT4W31,2025-12-23,239948.1
EPT4W31,2026-01-10,243009.2
EPT4W31,2026-01-26,245718.9
EPT4W31,2026-01-29,245863.0
EPT4W31,2026-02-01,246411.9
EPT4W31,2026-02-06,247321.4
EPT4W31,2026-02-10,247495.8
EPT4W31,2026-02-24,249220.7
EPT4W31,2026-02-26,249545.8
EPT4W31,2026-03-06,250913.1
EPT4W31,2026-03-07,250925.8
EPT4W31,2026-03-17,252244.4
EPT4W31,2026-03-28,253891.5
EPT4W31,2026-03-30,254080.8
EPT4W31,2026-04-03,254808.8
EPT4W31,2026-04-12,255951.2
EPT4W31,2026-04-20,256905.1
EPT4W31,2026-04-28,258236.8
EPT4W31,2026-05-18,260481.7
EPT4W31,2026-05-21,260882.1
FNS7F55,2024-01-18,148635.9
FNS7F55,2024-01-25,149899.9
FNS7F55,2024-02-02,152007.4
FNS7F55,2024-02-07,153047.8
FNS7F55,2024-02-26,156940.2
FNS7F55,2024-03-25,162646.5
FNS7F55,2024-03-29,163371.7
FNS7F55,2024-04-03,164315.6
FNS7F55,2024-04-04,164550.8
FNS7F55,2024-04-15,166857.9
FNS7F55,2024-04-23,168867.6
FNS7F55,2024-05-12,173225.8
FNS7F55,2024-05-13,173459.0
FNS7F55,2024-06-06,178583.2
FNS7F55,2024-06-07,178924.7
FNS7F55,2024-06-16,180920.9
FNS7F55,2024-06-29,183837.3
FNS7F55,2024-07-15,186976.2
FNS7F55,2024-07-20,188245.9
FNS7F55,2024-07-21,188243.0
FNS7F55,2024-07-22,188251.9
FNS7F55,2024-07-25,189019.8
FNS7F55,2024-08-02,190881.9
FNS7F55,2024-08-09,192788.6
FNS7F55,2024-08-13,193492.3
FNS7F55,2024-08-20,194904.4
FNS7F55,2024-08-23,195502.4
FNS7F55,2024-08-24,195750.9
FNS7F55,2024-08-25,195957.4
FNS7F55,2024-09-02,197635.3
FNS7F55,2024-09-08,199175.5
FNS7F55,2024-09-10,199726.0
FNS7F55,2024-09-24,202475.8
FNS7F55,2024-10-03,204627.5
FNS7F55,2024-10-08,205700.6
FNS7F55,2024-10-17,207722.3
FNS7F55,2024-11-03,211512.4
FNS7F55,2024-11-07,212554.5
FNS7F55,2024-11-11,213546.4
FNS7F55,2024-11-21,215514.5
FNS7F55,2024-12-04,218363.6
FNS7F55,2024-12-15,220253.2
FNS7F55,2024-12-20,221157.6
FNS7F55,2025-01-12,226431.0
FNS7F55,2025-01-17,227443.8
FNS7F55,2025-01-31,230241.8
FNS7F55,2025-02-02,230397.0
FNS7F55,2025-02-07,231294.0
FNS7F55,2025-02-08,231285.7
FNS7F55,2025-03-20,239154.4
FNS7F55,2025-04-05,242679.7
FNS7F55,2025-04-12,244258.0
FNS7F55,2025-04-15,245007.2
FNS7F55,2025-04-20,246291.9
FNS7F55,2025-04-22,246708.9
FNS7F55,2025-04-26,247270.6
FNS7F55,2025-05-09,250245.7
FNS7F55,2025-05-10,250509.5
FNS7F55,2025-05-13,250937.9
FNS7F55,2025-05-28,253672.2
FNS7F55,2025-05-30,254226.2
FNS7F55,2025-06-09,256388.2
FNS7F55,2025-06-10,256389.5
FNS7F55,2025-06-13,257079.9
FNS7F55,2025-06-14,257234.3
FNS7F55,2025-06-18,257677.2
FNS7F55,2025-06-25,259191.3
FNS7F55,2025-06-26,259453.4
FNS7F55,2025-07-12,262964.8
FNS7F55,2025-07-23,265374.7
FNS7F55,2025-08-12,269804.9
FNS7F55,2025-08-19,271466.2
FNS7F55,2025-09-04,274679.2
FNS7F55,2025-09-08,275707.8
FNS7F55,2025-09-15,277328.8
FNS7F55,2025-09-26,279957.9
FNS7F55,2025-10-09,283017.2
FNS7F55,2025-10-13,283810.2
FNS7F55,2025-10-16,284248.4
FNS7F55,2025-10-27,286309.5
FNS7F55,2025-10-28,286511.9
FNS7F55,2025-11-03,287761.6
FNS7F55,2025-11-05,288265.7
FNS7F55,2025-11-09,289321.9
FNS7F55,2025-11-15,290561.6
FNS7F55,2025-11-21,291454.0
FNS7F55,2025-11-25,292427.8
FNS7F55,2025-11-27,292919.9
FNS7F55,2025-12-20,298445.7
FNS7F55,2025-12-25,299589.3
FNS7F55,2025-12-26,299839.3
FNS7F55,2025-12-27,300015.6
FNS7F55,2026-01-05,302039.2
FNS7F55,2026-01-09,302808.6
FNS7F55,2026-01-12,303290.7
FNS7F55,2026-01-13,303493.0
FNS7F55,2026-01-22,305635.7
FNS7F55,2026-01-23,305861.3
FNS7F55,2026-02-01,307514.5
FNS7F55,2026-02-13,309620.1
FNS7F55,2026-02-19,310498.7
FNS7F55,2026-02-25,311924.9
FNS7F55,2026-02-26,312159.8
FNS7F55,2026-03-03,313306.6
FNS7F55,2026-03-22,317677.0
FNS7F55,2026-04-09,321370.9
FNS7F55,2026-04-12,322019.1
FNS7F55,2026-04-13,322332.6
FNS7F55,2026-04-14,322554.1
FNS7F55,2026-04-18,323247.3
FNS7F55,2026-04-20,323660.2
FNS7F55,2026-05-08,327649.9
FNS7F55,2026-05-11,328303.1
FNS7F55,2026-05-12,328511.6
FNS7F55,2026-05-18,329569.8
GOJ5R43,2024-01-10,155765.3
GOJ5R43,2024-01-17,156154.4
GOJ5R43,2024-01-27,156688.0
GOJ5R43,2024-02-07,157142.5
GOJ5R43,2024-02-11,157330.5
GOJ5R43,2024-02-26,157906.1
GOJ5R43,2024-03-07,158396.7
GOJ5R43,2024-03-24,159261.6
GOJ5R43,2024-04-08,160034.0
GOJ5R43,2024-04-25,160944.6
GOJ5R43,2024-05-04,161430.5
GOJ5R43,2024-05-18,161931.5
GOJ5R43,2024-05-19,161991.3
GOJ5R43,2024-05-28,162469.4
GOJ5R43,2024-06-03,162832.4
GOJ5R43,2024-06-25,163805.2
GOJ5R43,2024-06-30,163989.0
GOJ5R43,2024-07-05,164165.6
GOJ5R43,2024-07-12,164394.2
GOJ5R43,2024-07-20,164863.9
GOJ5R43,2024-07-23,165030.7
GOJ5R43,2024-08-03,165590.5
GOJ5R43,2024-08-05,165707.8
GOJ5R43,2024-08-09,165874.6
GOJ5R43,2024-08-19,166239.6
GOJ5R43,2024-09-01,166943.8
GOJ5R43,2024-09-02,167003.2
GOJ5R43,2024-09-04,167119.7
GOJ5R43,2024-09-11,167404.7
GOJ5R43,2024-09-13,167469.8
GOJ5R43,2024-09-17,167579.1
GOJ5R43,2024-10-01,168292.3
GOJ5R43,2024-10-03,168354.9
GOJ5R43,2024-10-08,168518.5
GOJ5R43,2024-10-14,168816.4
GOJ5R43,2024-10-15,168874.2
GOJ5R43,2024-10-17,168989.9
GOJ5R43,2024-10-21,169227.0
GOJ5R43,2024-10-23,169344.5
GOJ5R43,2024-10-27,169465.7
GOJ5R43,2024-10-28,169524.7
GOJ5R43,2024-10-30,169631.2
GOJ5R43,2024-11-02,169752.1
GOJ5R43,2024-11-07,169989.1
GOJ5R43,2024-11-11,170209.5
GOJ5R43,2024-11-14,170381.5
GOJ5R43,2024-12-16,172078.7
GOJ5R43,2024-12-29,172536.5
GOJ5R43,2024-12-30,172547.5
GOJ5R43,2024-12-31,172600.2
GOJ5R43,2025-01-29,174168.1
GOJ5R43,2025-01-31,174301.2
GOJ5R43,2025-02-11,174866.1
GOJ5R43,2025-02-16,175040.3
GOJ5R43,2025-02-24,175507.1
GOJ5R43,2025-02-26,175616.3
GOJ5R43,2025-03-21,176798.7
GOJ5R43,2025-04-07,177684.7
GOJ5R43,2025-04-15,178084.3
GOJ5R43,2025-04-17,178140.2
GOJ5R43,2025-04-28,178700.0
GOJ5R43,2025-05-31,180151.0
GOJ5R43,2025-06-01,180133.4
GOJ5R43,2025-06-02,180204.5
GOJ5R43,2025-06-05,180392.3
GOJ5R43,2025-06-12,180675.0
GOJ5R43,2025-06-13,180730.6
GOJ5R43,2025-06-24,181348.6
GOJ5R43,2025-07-08,181992.0
GOJ5R43,2025-07-11,182157.5
GOJ5R43,2025-07-19,182555.3
GOJ5R43,2025-07-31,183147.1
GOJ5R43,2025-08-02,183260.1
GOJ5R43,2025-08-08,183502.1
GOJ5R43,2025-08-19,184032.3
GOJ5R43,2025-08-28,184323.5
GOJ5R43,2025-09-04,184677.1
GOJ5R43,2025-10-02,186229.6
GOJ5R43,2025-10-05,186340.3
GOJ5R43,2025-10-07,186444.4
GOJ5R43,2025-10-19,187025.6
GOJ5R43,2025-10-22,187190.8
GOJ5R43,2025-10-26,187420.8
GOJ5R43,2025-10-27,187485.0
GOJ5R43,2025-10-28,187545.0
GOJ5R43,2025-11-17,188455.2
GOJ5R43,2025-11-23,188795.5
GOJ5R43,2025-11-25,188917.6
GOJ5R43,2025-12-02,189219.1
GOJ5R43,2025-12-04,189325.0
GOJ5R43,2025-12-08,189492.2
GOJ5R43,2025-12-14,189727.6
GOJ5R43,2026-01-02,190803.8
GOJ5R43,2026-01-04,190919.9
GOJ5R43,2026-01-20,191749.7
GOJ5R43,2026-01-21,191798.9
GOJ5R43,2026-01-28,192141.5
GOJ5R43,2026-01-30,192276.7
GOJ5R43,2026-01-31,192314.4
GOJ5R43,2026-02-04,192567.1
GOJ5R43,2026-02-08,192749.9
GOJ5R43,2026-02-21,193417.0
GOJ5R43,2026-02-28,193831.3
GOJ5R43,2026-03-17,194770.1
GOJ5R43,2026-03-19,194840.5
GOJ5R43,2026-04-11,196083.3
GOJ5R43,2026-05-09,197479.0
GOJ5R43,2026-05-18,198000.9
GYI1O85,2024-01-07,148924.5
GYI1O85,2024-01-09,149291.1
GYI1O85,2024-01-22,151555.4
GYI1O85,2024-01-28,152603.8
GYI1O85,2024-02-07,154276.1
GYI1O85,2024-02-16,155309.0
GYI1O85,2024-02-25,156732.6
GYI1O85,2024-03-15,159741.9
GYI1O85,2024-03-27,161727.0
GYI1O85,2024-03-30,162282.9
GYI1O85,2024-03-31,162440.0
GYI1O85,2024-04-08,163790.2
GYI1O85,2024-04-15,164788.2
GYI1O85,2024-04-16,164983.4
GYI1O85,2024-04-20,165652.2
GYI1O85,2024-04-21,165848.3
GYI1O85,2024-05-03,167714.6
GYI1O85,2024-05-17,170039.4
GYI1O85,2024-05-19,170390.0
GYI1O85,2024-05-20,170550.1
GYI1O85,2024-05-25,171195.7
GYI1O85,2024-05-28,171532.0
GYI1O85,2024-06-03,172613.5
GYI1O85,2024-06-04,172790.9
GYI1O85,2024-06-11,174000.0
GYI1O85,2024-06-16,174668.7
GYI1O85,2024-06-22,175542.0
GYI1O85,2024-06-29,176388.8
GYI1O85,2024-06-30,176550.4
GYI1O85,2024-07-02,176895.7
GYI1O85,2024-07-18,179768.7
GYI1O85,2024-07-26,180966.9
GYI1O85,2024-08-11,183532.3
GYI1O85,2024-08-26,186261.4
GYI1O85,2024-09-01,187247.8
GYI1O85,2024-09-07,188285.7
GYI1O85,2024-09-18,190235.5
GYI1O85,2024-09-22,190806.1
GYI1O85,2024-10-07,193017.2
GYI1O85,2024-10-11,193724.1
GYI1O85,2024-10-12,193892.1
GYI1O85,2024-10-14,194240.8
GYI1O85,2024-10-16,194578.5
GYI1O85,2024-10-17,194741.5
GYI1O85,2024-11-13,198372.4
GYI1O85,2024-11-20,199577.8
GYI1O85,2024-12-10,202668.1
GYI1O85,2024-12-19,204223.4
GYI1O85,2024-12-21,204597.4
GYI1O85,2024-12-29,205971.9
GYI1O85,2025-01-01,206136.6
GYI1O85,2025-01-09,207360.2
GYI1O85,2025-01-17,208796.7
GYI1O85,2025-01-23,209848.2
GYI1O85,2025-01-24,210033.8
GYI1O85,2025-02-05,212108.2
GYI1O85,2025-02-16,213944.6
GYI1O85,2025-02-19,214300.7
GYI1O85,2025-02-27,215657.2
GYI1O85,2025-03-04,216524.0
GYI1O85,2025-03-13,217951.5
GYI1O85,2025-03-16,218277.7
GYI1O85,2025-03-31,220544.3
GYI1O85,2025-04-18,223272.4
GYI1O85,2025-04-20,223449.7
GYI1O85,2025-04-23,223802.3
GYI1O85,2025-04-26,224149.3
GYI1O85,2025-04-28,224480.8
GYI1O85,2025-05-07,226071.4
GYI1O85,2025-06-01,230401.0
GYI1O85,2025-06-04,230763.9
GYI1O85,2025-06-21,233399.5
GYI1O85,2025-06-25,234120.7
GYI1O85,2025-07-05,235833.8
GYI1O85,2025-07-07,236229.2
GYI1O85,2025-07-11,236932.6
GYI1O85,2025-07-28,239567.8
GYI1O85,2025-07-31,240055.1
GYI1O85,2025-08-01,240199.1
GYI1O85,2025-08-09,241635.5
GYI1O85,2025-08-14,242372.7
GYI1O85,2025-08-15,242533.2
GYI1O85,2025-08-21,243505.9
GYI1O85,2025-08-22,243674.7
GYI1O85,2025-08-27,244548.2
GYI1O85,2025-08-28,244715.2
GYI1O85,2025-09-04,245777.2
GYI1O85,2025-09-14,247488.8
GYI1O85,2025-09-20,248506.9
GYI1O85,2025-09-22,248878.9
GYI1O85,2025-09-23,249059.5
GYI1O85,2025-10-04,250795.4
GYI1O85,2025-10-16,252896.6
GYI1O85,2025-10-17,253096.2
GYI1O85,2025-10-18,253291.5
GYI1O85,2025-10-21,253827.5
GYI1O85,2025-11-05,256320.2
GYI1O85,2025-11-07,256637.4
GYI1O85,2025-11-12,257193.6
GYI1O85,2025-11-13,257358.9
GYI1O85,2025-12-05,260829.4
GYI1O85,2025-12-30,264827.5
GYI1O85,2026-01-02,265319.4
GYI1O85,2026-01-03,265485.6
GYI1O85,2026-02-04,271026.9
GYI1O85,2026-02-07,271355.2
GYI1O85,2026-02-13,272374.3
GYI1O85,2026-02-20,273421.2
GYI1O85,2026-02-26,273970.1
GYI1O85,2026-03-01,274530.9
GYI1O85,2026-03-04,274880.0
GYI1O85,2026-03-22,277467.0
GYI1O85,2026-04-06,279862.1
GYI1O85,2026-04-10,280575.4
GYI1O85,2026-04-15,281463.5
GYI1O85,2026-04-19,282147.5
GYI1O85,2026-04-27,283627.9
GYI1O85,2026-05-10,285773.7
GYI1O85,2026-05-11,285944.6
GYI1O85,2026-05-16,286858.4
GYI1O85,2026-05-22,287915.5
GYI1O85,2026-05-26,288552.6
GYI1O85,2026-05-31,289437.4
KBH6R54,2024-01-04,22012.7
KBH6R54,2024-01-22,23245.3
KBH6R54,2024-01-25,23502.3
KBH6R54,2024-01-31,24095.6
KBH6R54,2024-02-25,25873.4
KBH6R54,2024-03-06,26697.2
KBH6R54,2024-03-10,27067.9
KBH6R54,2024-03-15,27571.0
KBH6R54,2024-03-16,27648.4
KBH6R54,2024-03-19,27922.1
KBH6R54,2024-03-26,28349.6
KBH6R54,2024-04-07,29468.5
KBH6R54,2024-04-10,29756.6
KBH6R54,2024-04-24,30735.7
KBH6R54,2024-05-10,32148.1
KBH6R54,2024-05-12,32366.3
KBH6R54,2024-05-16,32515.9
KBH6R54,2024-05-18,32699.4
KBH6R54,2024-06-15,34641.9
KBH6R54,2024-07-01,35883.5
KBH6R54,2024-07-06,36322.3
KBH6R54,2024-07-16,36906.1
KBH6R54,2024-07-17,37013.7
KBH6R54,2024-07-21,37306.7
KBH6R54,2024-07-27,37891.7
KBH6R54,2024-08-03,38472.3
KBH6R54,2024-08-10,38836.2
KBH6R54,2024-08-22,39352.6
KBH6R54,2024-08-27,39855.8
KBH6R54,2024-09-16,41546.2
KBH6R54,2024-09-17,41593.3
KBH6R54,2024-09-18,41735.9
KBH6R54,2024-10-03,42632.9
KBH6R54,2024-10-24,44238.3
KBH6R54,2024-10-27,44532.2
KBH6R54,2024-10-29,44532.3
KBH6R54,2024-11-10,45134.7
KBH6R54,2024-11-21,45975.8
KBH6R54,2024-11-27,46446.5
KBH6R54,2024-12-13,47670.9
KBH6R54,2024-12-24,48610.4
KBH6R54,2025-01-09,49848.0
KBH6R54,2025-01-15,50430.1
KBH6R54,2025-01-28,51212.0
KBH6R54,2025-02-16,52611.3
KBH6R54,2025-03-03,53932.0
KBH6R54,2025-03-16,54988.6
KBH6R54,2025-03-21,55448.7
KBH6R54,2025-04-03,56465.4
KBH6R54,2025-04-04,56551.2
KBH6R54,2025-04-05,56554.1
KBH6R54,2025-04-11,56862.6
KBH6R54,2025-04-16,57171.9
KBH6R54,2025-04-30,58023.4
KBH6R54,2025-05-04,58425.8
KBH6R54,2025-05-18,59527.9
KBH6R54,2025-06-02,60719.7
KBH6R54,2025-06-09,61190.9
KBH6R54,2025-06-12,61479.9
KBH6R54,2025-06-19,61810.5
KBH6R54,2025-06-26,62087.0
KBH6R54,2025-07-09,62759.2
KBH6R54,2025-07-14,63206.9
KBH6R54,2025-08-12,65423.4
KBH6R54,2025-08-19,65925.6
KBH6R54,2025-08-30,66939.8
KBH6R54,2025-08-31,66947.3
KBH6R54,2025-09-14,68062.2
KBH6R54,2025-09-24,68825.0
KBH6R54,2025-09-26,68904.9
KBH6R54,2025-10-03,69465.7
KBH6R54,2025-10-06,69776.2
KBH6R54,2025-10-13,70271.9
KBH6R54,2025-10-16,70374.0
KBH6R54,2025-10-29,71238.7
KBH6R54,2025-11-04,71490.7
KBH6R54,2025-11-11,72112.4
KBH6R54,2025-11-18,72460.7
KBH6R54,2025-11-21,72652.3
KBH6R54,2025-11-28,73113.1
KBH6R54,2025-12-05,73651.4
KBH6R54,2025-12-14,74328.2
KBH6R54,2025-12-17,74404.5
KBH6R54,2025-12-19,74602.5
KBH6R54,2026-01-14,76433.6
KBH6R54,2026-01-16,76511.5
KBH6R54,2026-01-21,76839.7
KBH6R54,2026-01-22,76841.8
KBH6R54,2026-01-24,76928.4
KBH6R54,2026-02-09,78270.8
KBH6R54,2026-02-25,79375.5
KBH6R54,2026-03-15,80729.8
KBH6R54,2026-03-19,80933.4
KBH6R54,2026-04-03,82033.4
KBH6R54,2026-04-05,82220.8
KBH6R54,2026-04-12,82864.3
KBH6R54,2026-05-04,84613.1
KBH6R54,2026-05-10,84948.7
KBH6R54,2026-05-14,85209.9
KBH6R54,2026-05-18,85486.9
KBH6R54,2026-05-24,86010.0
KMT7D25,2024-01-08,84444.2
KMT7D25,2024-01-11,84643.8
KMT7D25,2024-01-13,85173.0
KMT7D25,2024-01-17,85938.3
KMT7D25,2024-01-19,86490.5
KMT7D25,2024-01-27,88070.6
KMT7D25,2024-02-04,89734.9
KMT7D25,2024-02-07,90301.4
KMT7D25,2024-02-10,91046.6
KMT7D25,2024-02-20,93005.9
KMT7D25,2024-03-02,94843.6
KMT7D25,2024-03-05,95725.7
KMT7D25,2024-03-08,96534.8
KMT7D25,2024-03-19,98767.8
KMT7D25,2024-03-30,101093.1
KMT7D25,2024-04-02,101699.8
KMT7D25,2024-04-13,103886.3
KMT7D25,2024-04-19,105123.6
KMT7D25,2024-04-21,105356.6
KMT7D25,2024-04-29,106481.6
KMT7D25,2024-04-30,106702.1
KMT7D25,2024-05-06,107770.7
KMT7D25,2024-05-22,111309.3
KMT7D25,2024-06-13,115813.4
KMT7D25,2024-06-20,117434.7
KMT7D25,2024-06-29,119929.7
KMT7D25,2024-07-25,124430.0
KMT7D25,2024-08-04,126254.5
KMT7D25,2024-08-06,126769.8
KMT7D25,2024-08-16,128543.6
KMT7D25,2024-08-19,129135.1
KMT7D25,2024-08-29,131093.1
KMT7D25,2024-09-02,131866.9
KMT7D25,2024-09-03,132114.8
KMT7D25,2024-09-05,132671.4
KMT7D25,2024-09-06,133022.3
KMT7D25,2024-09-08,133533.2
KMT7D25,2024-09-11,134282.5
KMT7D25,2024-09-14,134855.8
KMT7D25,2024-10-04,138849.7
KMT7D25,2024-11-05,145118.7
KMT7D25,2024-11-07,145397.3
KMT7D25,2024-11-16,146994.7
KMT7D25,2024-11-23,148172.8
KMT7D25,2024-12-13,151544.6
KMT7D25,2024-12-18,152576.9
KMT7D25,2024-12-19,152870.8
KMT7D25,2024-12-20,153136.2
KMT7D25,2024-12-26,154151.8
KMT7D25,2024-12-29,154822.8
KMT7D25,2025-01-14,158171.8
KMT7D25,2025-01-20,158735.3
KMT7D25,2025-02-07,162469.5
KMT7D25,2025-02-09,162933.6
KMT7D25,2025-03-02,166810.3
KMT7D25,2025-03-14,169953.6
KMT7D25,2025-03-24,171635.1
KMT7D25,2025-03-25,171884.6
KMT7D25,2025-03-26,172111.5
KMT7D25,2025-04-03,173848.4
KMT7D25,2025-04-05,174082.6
KMT7D25,2025-04-06,174403.4
KMT7D25,2025-04-11,175768.6
KMT7D25,2025-04-29,179542.2
KMT7D25,2025-05-12,182284.2
KMT7D25,2025-05-22,184464.7
KMT7D25,2025-05-23,184718.9
KMT7D25,2025-05-25,184961.8
KMT7D25,2025-06-06,186872.8
KMT7D25,2025-06-07,186882.2
KMT7D25,2025-06-09,187371.2
KMT7D25,2025-06-14,188668.7
KMT7D25,2025-06-17,189224.6
KMT7D25,2025-06-19,189705.8
KMT7D25,2025-06-23,190400.1
KMT7D25,2025-07-15,195002.0
KMT7D25,2025-07-21,196138.8
KMT7D25,2025-07-25,196800.1
KMT7D25,2025-08-12,199776.3
KMT7D25,2025-08-15,200218.7
KMT7D25,2025-08-18,200697.7
KMT7D25,2025-08-30,203491.3
KMT7D25,2025-09-03,204598.1
KMT7D25,2025-09-06,205146.0
KMT7D25,2025-09-26,210218.9
KMT7D25,2025-10-01,210939.7
KMT7D25,2025-10-04,211687.3
KMT7D25,2025-10-08,212726.4
KMT7D25,2025-10-21,215812.9
KMT7D25,2025-10-25,216903.8
KMT7D25,2025-11-01,218572.1
KMT7D25,2025-11-11,220956.1
KMT7D25,2025-11-14,221792.2
KMT7D25,2025-11-21,223646.3
KMT7D25,2025-11-28,224937.9
KMT7D25,2025-12-17,228967.6
KMT7D25,2026-01-22,235879.3
KMT7D25,2026-01-26,236834.6
KMT7D25,2026-01-29,237668.6
KMT7D25,2026-02-22,242102.9
KMT7D25,2026-03-02,244009.8
KMT7D25,2026-03-03,244237.1
KMT7D25,2026-03-04,244471.0
KMT7D25,2026-03-16,247073.0
KMT7D25,2026-03-26,248405.6
KMT7D25,2026-04-18,254092.1
KMT7D25,2026-04-24,255358.8
KMT7D25,2026-04-29,256236.1
KMT7D25,2026-05-02,257058.0
KMT7D25,2026-05-03,257335.7
KMT7D25,2026-05-07,258283.6
KMT7D25,2026-05-18,260362.7
KMT7D25,2026-05-26,261752.0
KSH5G64,2024-01-29,94801.8
KSH5G64,2024-02-03,95045.7
KSH5G64,2024-02-10,95701.6
KSH5G64,2024-02-12,95782.9
KSH5G64,2024-02-13,95789.4
KSH5G64,2024-02-20,96335.2
KSH5G64,2024-02-26,96982.1
KSH5G64,2024-03-10,98405.4
KSH5G64,2024-03-24,99505.3
KSH5G64,2024-03-26,99608.5
KSH5G64,2024-04-01,100256.1
KSH5G64,2024-04-03,100464.0
KSH5G64,2024-04-08,100971.9
KSH5G64,2024-04-15,101650.5
KSH5G64,2024-04-19,101955.8
KSH5G64,2024-05-25,104674.9
KSH5G64,2024-05-31,105025.8
KSH5G64,2024-06-03,105238.1
KSH5G64,2024-06-09,105684.1
KSH5G64,2024-06-11,105909.4
KSH5G64,2024-06-21,106969.8
KSH5G64,2024-07-17,109288.0
KSH5G64,2024-07-21,109546.5
KSH5G64,2024-07-27,110185.6
KSH5G64,2024-07-29,110279.9
KSH5G64,2024-08-09,111248.3
KSH5G64,2024-08-13,111729.7
KSH5G64,2024-08-15,111828.3
KSH5G64,2024-08-20,112284.4
KSH5G64,2024-08-30,113194.1
KSH5G64,2024-09-10,114074.8
KSH5G64,2024-09-14,114534.5
KSH5G64,2024-09-15,114637.5
KSH5G64,2024-09-16,114780.9
KSH5G64,2024-09-27,115697.8
KSH5G64,2024-10-01,115862.3
KSH5G64,2024-10-02,115861.7
KSH5G64,2024-10-03,115968.6
KSH5G64,2024-10-12,116765.7
KSH5G64,2024-10-16,117190.0
KSH5G64,2024-10-19,117551.1
KSH5G64,2024-11-12,119688.8
KSH5G64,2024-11-14,119950.8
KSH5G64,2024-11-29,121050.9
KSH5G64,2024-12-01,121249.0
KSH5G64,2024-12-03,121341.0
KSH5G64,2024-12-11,122198.5
KSH5G64,2024-12-22,123211.8
KSH5G64,2024-12-27,123493.8
KSH5G64,2025-01-09,124723.9
KSH5G64,2025-01-11,124952.2
KSH5G64,2025-01-17,125363.1
KSH5G64,2025-01-21,125780.1
KSH5G64,2025-01-23,125909.4
KSH5G64,2025-02-03,126755.3
KSH5G64,2025-02-06,126894.8
KSH5G64,2025-02-25,128696.1
KSH5G64,2025-03-01,129115.6
KSH5G64,2025-03-02,129117.0
KSH5G64,2025-03-17,130592.5
KSH5G64,2025-04-01,131901.7
KSH5G64,2025-04-06,132277.2
KSH5G64,2025-04-20,133673.6
KSH5G64,2025-05-04,135093.0
KSH5G64,2025-05-11,135648.2
KSH5G64,2025-06-06,137907.7
KSH5G64,2025-06-07,138019.9
KSH5G64,2025-06-12,138326.1
KSH5G64,2025-06-15,138686.4
KSH5G64,2025-06-28,139839.8
KSH5G64,2025-07-03,140116.0
KSH5G64,2025-07-09,140483.9
KSH5G64,2025-07-15,141194.0
KSH5G64,2025-07-22,141856.0
KSH5G64,2025-08-19,144020.9
KSH5G64,2025-08-22,144237.6
KSH5G64,2025-09-24,146601.5
KSH5G64,2025-09-27,146717.8
KSH5G64,2025-09-30,147040.7
KSH5G64,2025-10-14,148251.9
KSH5G64,2025-10-23,148803.8
KSH5G64,2025-11-02,149863.2
KSH5G64,2025-11-06,150337.0
KSH5G64,2025-11-09,150710.8
KSH5G64,2025-11-21,151788.3
KSH5G64,2025-11-24,152126.0
KSH5G64,2025-11-26,152246.0
KSH5G64,2025-12-04,152904.2
KSH5G64,2025-12-11,153624.2
KSH5G64,2025-12-12,153614.1
KSH5G64,2025-12-13,153607.7
KSH5G64,2025-12-16,153979.9
KSH5G64,2025-12-30,155239.1
KSH5G64,2026-01-01,155340.2
KSH5G64,2026-01-03,155426.2
KSH5G64,2026-01-10,156063.1
KSH5G64,2026-01-11,156158.7
KSH5G64,2026-01-22,157087.2
KSH5G64,2026-01-24,157184.1
KSH5G64,2026-01-26,157392.2
KSH5G64,2026-01-30,157703.8
KSH5G64,2026-02-01,157910.3
KSH5G64,2026-02-11,158688.8
KSH5G64,2026-02-13,158921.8
KSH5G64,2026-02-14,159039.9
KSH5G64,2026-02-23,159821.5
KSH5G64,2026-02-24,159927.0
KSH5G64,2026-02-26,160120.8
KSH5G64,2026-03-01,160374.1
KSH5G64,2026-03-03,160614.0
KSH5G64,2026-03-04,160734.0
KSH5G64,2026-03-09,161067.1
KSH5G64,2026-03-17,161852.2
KSH5G64,2026-03-18,161963.0
KSH5G64,2026-03-25,162577.7
KSH5G64,2026-04-04,163262.0
KSH5G64,2026-04-09,163750.0
KSH5G64,2026-04-19,164669.6
KSH5G64,2026-04-28,165613.7
KSH5G64,2026-05-17,167580.2
LBY6P11,2024-01-04,35570.0
LBY6P11,2024-01-08,36191.8
LBY6P11,2024-01-10,36583.4
LBY6P11,2024-01-13,37094.5
LBY6P11,2024-01-15,37365.4
LBY6P11,2024-01-27,38945.5
LBY6P11,2024-02-08,40991.1
LBY6P11,2024-03-17,46312.9
LBY6P11,2024-03-19,46629.3
LBY6P11,2024-03-21,46913.9
LBY6P11,2024-04-09,49400.1
LBY6P11,2024-04-22,51271.4
LBY6P11,2024-04-26,51919.3
LBY6P11,2024-05-03,53027.3
LBY6P11,2024-05-08,53794.9
LBY6P11,2024-05-09,53948.4
LBY6P11,2024-05-17,55188.4
LBY6P11,2024-06-08,58233.8
LBY6P11,2024-06-10,58490.5
LBY6P11,2024-06-20,60227.6
LBY6P11,2024-07-09,62926.7
LBY6P11,2024-07-10,63119.0
LBY6P11,2024-07-18,64221.2
LBY6P11,2024-07-31,66268.5
LBY6P11,2024-08-09,67610.0
LBY6P11,2024-08-29,70373.7
LBY6P11,2024-08-30,70502.5
LBY6P11,2024-09-18,73504.7
LBY6P11,2024-09-19,73505.0
LBY6P11,2024-09-20,73631.8
LBY6P11,2024-09-28,74678.7
LBY6P11,2024-10-26,79192.0
LBY6P11,2024-11-02,80252.4
LBY6P11,2024-11-13,81672.6
LBY6P11,2024-11-14,81672.5
LBY6P11,2024-11-15,81668.1
LBY6P11,2024-11-24,82875.9
LBY6P11,2024-12-05,84550.2
LBY6P11,2024-12-27,87657.4
LBY6P11,2025-01-03,88519.4
LBY6P11,2025-01-17,90585.0
LBY6P11,2025-01-21,91058.8
LBY6P11,2025-01-26,91602.7
LBY6P11,2025-02-02,92805.9
LBY6P11,2025-02-08,93774.6
LBY6P11,2025-02-12,94435.5
LBY6P11,2025-02-15,94786.6
LBY6P11,2025-02-20,95580.4
LBY6P11,2025-02-21,95707.0
LBY6P11,2025-02-25,96174.9
LBY6P11,2025-03-15,98806.2
LBY6P11,2025-03-27,100404.5
LBY6P11,2025-03-28,100615.9
LBY6P11,2025-03-31,101179.0
LBY6P11,2025-04-01,101336.9
LBY6P11,2025-04-12,103285.9
LBY6P11,2025-04-15,103561.3
LBY6P11,2025-04-16,103702.5
LBY6P11,2025-04-18,104057.2
LBY6P11,2025-04-27,105344.7
LBY6P11,2025-05-04,105974.0
LBY6P11,2025-05-16,107617.1
LBY6P11,2025-05-21,108216.2
LBY6P11,2025-05-30,109480.9
LBY6P11,2025-06-20,112182.6
LBY6P11,2025-06-28,113390.4
LBY6P11,2025-07-01,113873.9
LBY6P11,2025-07-03,114075.1
LBY6P11,2025-07-08,114682.0
LBY6P11,2025-07-10,115084.4
LBY6P11,2025-07-11,115232.9
LBY6P11,2025-07-15,115885.3
LBY6P11,2025-07-26,117537.7
LBY6P11,2025-07-29,117944.7
LBY6P11,2025-08-03,118764.2
LBY6P11,2025-08-31,123031.0
LBY6P11,2025-09-03,123498.6
LBY6P11,2025-09-10,124568.2
LBY6P11,2025-09-18,125941.4
LBY6P11,2025-10-07,128536.1
LBY6P11,2025-10-13,129431.1
LBY6P11,2025-10-14,129607.0
LBY6P11,2025-10-16,129751.6
LBY6P11,2025-11-01,132007.0
LBY6P11,2025-11-05,132511.1
LBY6P11,2025-11-13,133689.2
LBY6P11,2025-11-14,133854.1
LBY6P11,2025-11-21,134785.1
LBY6P11,2025-11-28,135997.0
LBY6P11,2025-12-01,136565.5
LBY6P11,2025-12-14,138480.1
LBY6P11,2025-12-22,139918.6
LBY6P11,2025-12-27,140465.3
LBY6P11,2026-01-05,141899.4
LBY6P11,2026-01-06,142051.2
LBY6P11,2026-01-11,142685.0
LBY6P11,2026-01-18,143758.9
LBY6P11,2026-01-19,143854.2
LBY6P11,2026-01-20,143932.0
LBY6P11,2026-01-25,144678.6
LBY6P11,2026-02-07,146236.1
LBY6P11,2026-02-14,147356.4
LBY6P11,2026-02-17,147941.5
LBY6P11,2026-02-21,148592.3
LBY6P11,2026-02-25,149190.8
LBY6P11,2026-03-06,150423.9
LBY6P11,2026-03-07,150578.6
LBY6P11,2026-03-08,150731.3
LBY6P11,2026-03-09,150855.6
LBY6P11,2026-03-11,151045.9
LBY6P11,2026-03-12,151230.4
LBY6P11,2026-03-16,151900.8
LBY6P11,2026-03-18,152228.7
LBY6P11,2026-03-25,153420.1
LBY6P11,2026-04-10,155455.0
LBY6P11,2026-04-12,155806.0
LBY6P11,2026-04-15,156281.3
LBY6P11,2026-04-16,156289.7
LBY6P11,2026-04-22,157168.3
LBY6P11,2026-05-03,158645.1
LBY6P11,2026-05-15,160832.4
LBY6P11,2026-05-17,161103.4
LBY6P11,2026-05-27,162140.9
LBY6P11,2026-05-28,162147.6
LBY6P11,2026-05-31,162462.0
MJB8Z95,2024-01-01,27864.9
MJB8Z95,2024-01-03,28024.4
MJB8Z95,2024-01-19,30118.5
MJB8Z95,2024-01-23,30399.2
MJB8Z95,2024-01-24,30539.8
MJB8Z95,2024-02-08,32388.3
MJB8Z95,2024-03-01,35429.4
MJB8Z95,2024-03-05,36008.8
MJB8Z95,2024-03-10,36859.3
MJB8Z95,2024-03-15,37400.8
MJB8Z95,2024-03-17,37535.0
MJB8Z95,2024-03-29,39101.9
MJB8Z95,2024-04-19,41839.4
MJB8Z95,2024-04-29,43339.1
MJB8Z95,2024-05-08,44503.3
MJB8Z95,2024-06-07,48496.7
MJB8Z95,2024-06-14,49347.1
MJB8Z95,2024-06-15,49342.8
MJB8Z95,2024-06-16,49495.9
MJB8Z95,2024-06-28,50871.4
MJB8Z95,2024-07-06,51911.8
MJB8Z95,2024-07-07,52062.1
MJB8Z95,2024-07-09,52381.7
MJB8Z95,2024-07-20,53645.1
MJB8Z95,2024-07-25,54346.4
MJB8Z95,2024-08-08,56387.9
MJB8Z95,2024-08-17,57393.5
MJB8Z95,2024-08-23,58281.0
MJB8Z95,2024-09-07,60335.0
MJB8Z95,2024-09-11,60975.3
MJB8Z95,2024-09-13,61257.0
MJB8Z95,2024-09-16,61688.1
MJB8Z95,2024-09-26,63079.3
MJB8Z95,2024-10-09,64616.6
MJB8Z95,2024-10-13,65026.4
MJB8Z95,2024-10-26,66485.0
MJB8Z95,2024-11-05,67739.4
MJB8Z95,2024-11-18,69423.8
MJB8Z95,2024-11-28,70223.2
MJB8Z95,2024-12-06,71341.5
MJB8Z95,2024-12-23,73493.1
MJB8Z95,2025-01-01,74700.7
MJB8Z95,2025-01-10,75698.8
MJB8Z95,2025-01-16,76608.0
MJB8Z95,2025-01-29,77932.6
MJB8Z95,2025-02-02,78443.4
MJB8Z95,2025-02-21,81001.3
MJB8Z95,2025-03-01,82026.8
MJB8Z95,2025-03-17,84342.9
MJB8Z95,2025-03-20,84726.0
MJB8Z95,2025-03-22,85045.6
MJB8Z95,2025-04-01,86495.1
MJB8Z95,2025-04-02,86642.9
MJB8Z95,2025-04-08,87352.6
MJB8Z95,2025-05-04,90404.6
MJB8Z95,2025-05-06,90593.1
MJB8Z95,2025-05-16,91767.6
MJB8Z95,2025-05-20,92344.0
MJB8Z95,2025-06-07,94381.4
MJB8Z95,2025-06-09,94703.4
MJB8Z95,2025-06-14,95396.4
MJB8Z95,2025-06-17,95768.4
MJB8Z95,2025-06-29,97571.3
MJB8Z95,2025-07-10,99262.9
MJB8Z95,2025-08-01,102047.5
MJB8Z95,2025-08-03,102193.6
MJB8Z95,2025-08-04,102344.2
MJB8Z95,2025-08-06,102468.0
MJB8Z95,2025-08-08,102666.2
MJB8Z95,2025-08-10,102815.0
MJB8Z95,2025-08-11,102957.9
MJB8Z95,2025-08-13,103224.5
MJB8Z95,2025-08-17,103877.6
MJB8Z95,2025-09-01,106135.8
MJB8Z95,2025-09-23,108854.4
MJB8Z95,2025-09-25,109102.3
MJB8Z95,2025-09-28,109406.9
MJB8Z95,2025-10-09,110610.2
MJB8Z95,2025-10-18,111836.1
MJB8Z95,2025-10-20,112151.8
MJB8Z95,2025-10-24,112782.2
MJB8Z95,2025-10-29,113455.8
MJB8Z95,2025-11-05,114046.2
MJB8Z95,2025-11-11,114810.7
MJB8Z95,2025-11-12,114974.0
MJB8Z95,2025-11-30,116859.7
MJB8Z95,2025-12-11,118212.4
MJB8Z95,2025-12-12,118353.4
MJB8Z95,2025-12-29,120081.1
MJB8Z95,2026-01-03,120579.7
MJB8Z95,2026-01-05,120828.9
MJB8Z95,2026-01-07,120955.7
MJB8Z95,2026-01-08,121089.0
MJB8Z95,2026-01-17,122122.1
MJB8Z95,2026-01-20,122390.0
MJB8Z95,2026-02-05,124314.4
MJB8Z95,2026-02-13,125289.8
MJB8Z95,2026-02-15,125576.1
MJB8Z95,2026-02-24,126844.9
MJB8Z95,2026-03-03,127907.7
MJB8Z95,2026-03-04,128066.7
MJB8Z95,2026-03-09,128753.6
MJB8Z95,2026-04-03,132266.7
MJB8Z95,2026-04-11,133547.0
MJB8Z95,2026-04-14,133817.6
MJB8Z95,2026-04-27,135552.4
MJB8Z95,2026-05-01,136101.7
MJB8Z95,2026-05-05,136643.8
MJB8Z95,2026-05-10,137125.9
MJB8Z95,2026-05-12,137417.8
MJB8Z95,2026-05-18,138092.4
MJB8Z95,2026-05-23,138654.5
MJB8Z95,2026-05-24,138834.6
NAC8U26,2024-01-02,92995.8
NAC8U26,2024-01-11,95070.8
NAC8U26,2024-01-13,95473.4
NAC8U26,2024-01-15,95918.5
NAC8U26,2024-01-16,96205.3
NAC8U26,2024-02-01,99495.1
NAC8U26,2024-02-04,99927.2
NAC8U26,2024-02-12,101289.0
NAC8U26,2024-02-13,101541.2
NAC8U26,2024-02-14,101729.1
NAC8U26,2024-03-10,107183.9
NAC8U26,2024-03-11,107366.9
NAC8U26,2024-03-16,108541.2
NAC8U26,2024-03-17,108825.8
NAC8U26,2024-03-24,109953.7
NAC8U26,2024-03-29,111134.9
NAC8U26,2024-04-07,113120.1
NAC8U26,2024-04-13,114399.8
NAC8U26,2024-04-18,115646.2
NAC8U26,2024-04-26,117104.9
NAC8U26,2024-04-27,117341.6
NAC8U26,2024-05-06,119128.3
NAC8U26,2024-05-12,120473.9
NAC8U26,2024-05-23,122738.9
NAC8U26,2024-05-26,123182.7
NAC8U26,2024-05-31,123844.3
NAC8U26,2024-06-04,124737.7
NAC8U26,2024-06-05,124967.8
NAC8U26,2024-06-09,125609.5
NAC8U26,2024-07-01,130403.2
NAC8U26,2024-07-06,131585.8
NAC8U26,2024-07-12,132729.4
NAC8U26,2024-07-20,134055.9
NAC8U26,2024-08-03,136790.0
NAC8U26,2024-08-27,141802.7
NAC8U26,2024-09-07,144025.8
NAC8U26,2024-09-24,147629.0
NAC8U26,2024-09-25,147854.9
NAC8U26,2024-10-18,151782.8
NAC8U26,2024-11-10,156501.9
NAC8U26,2024-11-26,160094.1
NAC8U26,2024-12-01,161296.0
NAC8U26,2024-12-02,161485.2
NAC8U26,2024-12-03,161714.1
NAC8U26,2024-12-07,162654.6
NAC8U26,2024-12-13,163831.1
NAC8U26,2025-01-02,167848.3
NAC8U26,2025-01-09,169028.2
NAC8U26,2025-01-16,170157.2
NAC8U26,2025-01-19,170816.3
NAC8U26,2025-01-25,172172.5
NAC8U26,2025-01-27,172698.3
NAC8U26,2025-02-18,177068.5
NAC8U26,2025-02-19,177247.8
NAC8U26,2025-02-23,178096.9
NAC8U26,2025-03-12,181509.8
NAC8U26,2025-04-10,186971.1
NAC8U26,2025-04-30,191041.7
NAC8U26,2025-05-11,193336.2
NAC8U26,2025-05-13,193748.2
NAC8U26,2025-05-18,194638.6
NAC8U26,2025-05-19,194868.3
NAC8U26,2025-05-24,196102.6
NAC8U26,2025-05-25,196346.5
NAC8U26,2025-05-26,196339.9
NAC8U26,2025-06-14,200048.0
NAC8U26,2025-07-26,206992.6
NAC8U26,2025-08-05,209035.2
NAC8U26,2025-08-18,211458.2
NAC8U26,2025-08-20,211894.1
NAC8U26,2025-08-21,212122.2
NAC8U26,2025-08-22,212116.6
NAC8U26,2025-08-24,212312.3
NAC8U26,2025-09-01,214181.0
NAC8U26,2025-09-06,214956.4
NAC8U26,2025-09-12,215903.1
NAC8U26,2025-09-24,218368.4
NAC8U26,2025-10-10,221380.7
NAC8U26,2025-10-27,224656.7
NAC8U26,2025-11-09,226908.4
NAC8U26,2025-11-11,227360.4
NAC8U26,2025-11-12,227608.3
NAC8U26,2025-11-15,228077.1
NAC8U26,2025-11-27,230575.5
NAC8U26,2025-12-11,233588.2
NAC8U26,2025-12-19,235249.6
NAC8U26,2025-12-24,235695.4
NAC8U26,2025-12-27,236321.3
NAC8U26,2026-01-01,237466.4
NAC8U26,2026-01-02,237673.0
NAC8U26,2026-01-11,239773.4
NAC8U26,2026-01-12,240009.3
NAC8U26,2026-01-19,241587.4
NAC8U26,2026-01-25,242471.0
NAC8U26,2026-01-30,243557.8
NAC8U26,2026-02-05,244977.3
NAC8U26,2026-02-17,247355.7
NAC8U26,2026-02-23,248498.7
NAC8U26,2026-03-12,251813.4
NAC8U26,2026-03-18,253194.6
NAC8U26,2026-03-27,254891.7
NAC8U26,2026-03-31,255723.6
NAC8U26,2026-04-12,258316.5
NAC8U26,2026-04-13,258528.2
NAC8U26,2026-04-17,259414.2
NAC8U26,2026-04-21,260381.4
NAC8U26,2026-04-30,262146.3
NAC8U26,2026-05-01,262412.4
NAC8U26,2026-05-20,265708.9
NAC8U26,2026-05-29,267619.8
NAC8U26,2026-05-31,268002.6
NMN7W77,2024-01-01,30867.3
NMN7W77,2024-01-11,31805.4
NMN7W77,2024-01-27,33520.9
NMN7W77,2024-02-15,35418.2
NMN7W77,2024-02-18,35548.6
NMN7W77,2024-02-20,35795.8
NMN7W77,2024-02-22,36075.9
NMN7W77,2024-03-05,37174.3
NMN7W77,2024-03-13,37953.4
NMN7W77,2024-03-18,38353.4
NMN7W77,2024-04-02,40193.1
NMN7W77,2024-04-17,41579.8
NMN7W77,2024-04-19,41845.3
NMN7W77,2024-04-21,42087.4
NMN7W77,2024-04-22,42237.2
NMN7W77,2024-04-27,42862.9
NMN7W77,2024-04-30,43243.8
NMN7W77,2024-05-06,44023.4
NMN7W77,2024-05-14,45050.3
NMN7W77,2024-05-15,45178.6
NMN7W77,2024-05-18,45301.4
NMN7W77,2024-05-26,46308.2
NMN7W77,2024-05-31,46857.2
NMN7W77,2024-06-03,47129.1
NMN7W77,2024-06-13,48191.0
NMN7W77,2024-06-14,48314.8
NMN7W77,2024-06-28,49461.4
NMN7W77,2024-07-04,50213.7
NMN7W77,2024-07-11,50995.7
NMN7W77,2024-07-12,50987.5
NMN7W77,2024-07-13,51121.9
NMN7W77,2024-07-20,51952.3
NMN7W77,2024-07-24,52366.7
NMN7W77,2024-07-31,53145.4
NMN7W77,2024-08-17,55212.4
NMN7W77,2024-08-19,55494.9
NMN7W77,2024-08-22,55884.5
NMN7W77,2024-08-24,56161.9
NMN7W77,2024-09-24,59540.5
NMN7W77,2024-09-25,59661.4
NMN7W77,2024-09-26,59776.1
NMN7W77,2024-10-02,60249.4
NMN7W77,2024-10-07,60871.7
NMN7W77,2024-10-11,61416.0
NMN7W77,2024-10-12,61536.6
NMN7W77,2024-10-17,62164.6
NMN7W77,2024-10-19,62284.0
NMN7W77,2024-10-23,62637.4
NMN7W77,2024-11-05,63974.5
NMN7W77,2024-11-10,64349.8
NMN7W77,2024-11-11,64499.8
NMN7W77,2024-11-14,64866.2
NMN7W77,2024-11-27,66232.6
NMN7W77,2024-12-01,66749.2
NMN7W77,2024-12-02,66862.6
NMN7W77,2024-12-05,67162.5
NMN7W77,2024-12-10,67535.3
NMN7W77,2024-12-13,67785.3
NMN7W77,2024-12-17,68055.1
NMN7W77,2024-12-27,69351.4
NMN7W77,2025-01-04,69964.0
NMN7W77,2025-01-06,70215.5
NMN7W77,2025-01-08,70448.6
NMN7W77,2025-01-23,71976.7
NMN7W77,2025-02-06,73192.1
NMN7W77,2025-02-21,74830.9
NMN7W77,2025-02-22,74982.9
NMN7W77,2025-02-25,75341.9
NMN7W77,2025-03-10,76939.3
NMN7W77,2025-03-14,77390.0
NMN7W77,2025-03-30,78990.9
NMN7W77,2025-04-05,79822.4
NMN7W77,2025-04-09,80172.4
NMN7W77,2025-04-20,81315.2
NMN7W77,2025-04-25,81576.7
NMN7W77,2025-04-28,81939.5
NMN7W77,2025-05-02,82309.0
NMN7W77,2025-05-07,82858.1
NMN7W77,2025-05-11,83349.1
NMN7W77,2025-05-15,83909.5
NMN7W77,2025-05-23,84879.8
NMN7W77,2025-05-25,85140.4
NMN7W77,2025-05-30,85656.4
NMN7W77,2025-06-01,85797.3
NMN7W77,2025-06-02,85924.1
NMN7W77,2025-06-06,86313.3
NMN7W77,2025-06-20,87934.3
NMN7W77,2025-06-22,88232.5
NMN7W77,2025-06-23,88378.8
NMN7W77,2025-06-26,88654.9
NMN7W77,2025-07-04,89361.7
NMN7W77,2025-07-07,89471.1
NMN7W77,2025-07-10,89740.0
NMN7W77,2025-07-12,90033.8
NMN7W77,2025-07-13,90142.8
NMN7W77,2025-07-17,90631.2
NMN7W77,2025-07-23,91351.7
NMN7W77,2025-07-28,91912.9
NMN7W77,2025-08-05,92817.8
NMN7W77,2025-09-02,95530.1
NMN7W77,2025-09-06,96024.2
NMN7W77,2025-09-10,96554.8
NMN7W77,2025-09-13,96914.1
NMN7W77,2025-09-14,97048.7
NMN7W77,2025-09-15,97171.2
NMN7W77,2025-09-18,97563.0
NMN7W77,2025-09-19,97686.5
NMN7W77,2025-09-24,98389.1
NMN7W77,2025-10-09,100183.7
NMN7W77,2025-10-10,100304.2
NMN7W77,2025-10-16,101028.1
NMN7W77,2025-10-19,101387.7
NMN7W77,2025-10-24,101875.7
NMN7W77,2025-10-29,102391.9
NMN7W77,2025-11-23,104985.5
NMN7W77,2025-11-25,105201.2
NMN7W77,2025-12-03,105937.3
NMN7W77,2025-12-09,106655.6
NMN7W77,2025-12-10,106660.7
NMN7W77,2025-12-24,108463.0
NMN7W77,2026-01-04,109515.2
NMN7W77,2026-01-07,109883.7
NMN7W77,2026-01-16,110968.6
NMN7W77,2026-01-22,111621.8
NMN7W77,2026-01-28,112304.5
NMN7W77,2026-02-02,112988.3
NMN7W77,2026-02-10,114031.1
NMN7W77,2026-02-12,114046.1
NMN7W77,2026-03-10,116754.7
NMN7W77,2026-03-13,117011.7
NMN7W77,2026-03-15,117125.3
NMN7W77,2026-03-16,117254.9
NMN7W77,2026-03-18,117479.1
NMN7W77,2026-04-03,119097.5
NMN7W77,2026-04-05,119362.1
NMN7W77,2026-04-14,120216.0
NMN7W77,2026-04-16,120432.6
NMN7W77,2026-04-17,120440.5
NMN7W77,2026-04-18,120592.3
NMN7W77,2026-04-29,121739.7
NMN7W77,2026-05-04,122369.8
NMN7W77,2026-05-05,122489.9
NMN7W77,2026-05-09,122864.3
NMN7W77,2026-05-30,124818.2
NPV9M94,2024-01-02,42045.9
NPV9M94,2024-01-29,45340.0
NPV9M94,2024-02-04,45643.4
NPV9M94,2024-02-06,45802.7
NPV9M94,2024-02-09,46045.9
NPV9M94,2024-02-10,46163.1
NPV9M94,2024-02-15,46519.4
NPV9M94,2024-02-18,46821.2
NPV9M94,2024-03-01,48347.3
NPV9M94,2024-03-03,48534.0
NPV9M94,2024-03-07,49036.8
NPV9M94,2024-03-08,49204.8
NPV9M94,2024-03-17,50537.4
NPV9M94,2024-03-21,51193.5
NPV9M94,2024-03-23,51512.0
NPV9M94,2024-04-01,52251.6
NPV9M94,2024-04-10,53206.6
NPV9M94,2024-04-11,53382.3
NPV9M94,2024-04-19,54525.1
NPV9M94,2024-04-21,54826.3
NPV9M94,2024-05-01,56166.7
NPV9M94,2024-05-04,56598.0
NPV9M94,2024-05-10,57202.0
NPV9M94,2024-05-17,57736.7
NPV9M94,2024-05-25,58644.4
NPV9M94,2024-05-27,58755.7
NPV9M94,2024-05-30,58918.4
NPV9M94,2024-06-01,59091.1
NPV9M94,2024-06-06,59559.3
NPV9M94,2024-06-14,60789.2
NPV9M94,2024-06-15,60955.6
NPV9M94,2024-06-20,61551.2
NPV9M94,2024-06-27,62017.4
NPV9M94,2024-07-02,62693.7
NPV9M94,2024-07-03,62692.8
NPV9M94,2024-07-05,62963.0
NPV9M94,2024-07-26,65583.2
NPV9M94,2024-07-28,65852.7
NPV9M94,2024-08-04,66570.2
NPV9M94,2024-08-05,66721.8
NPV9M94,2024-09-11,70790.1
NPV9M94,2024-09-22,71972.7
NPV9M94,2024-10-15,74020.7
NPV9M94,2024-10-18,74332.7
NPV9M94,2024-10-22,74980.5
NPV9M94,2024-10-24,75275.9
NPV9M94,2024-11-14,77378.2
NPV9M94,2024-11-22,78306.2
NPV9M94,2024-12-03,79660.5
NPV9M94,2024-12-05,80000.0
NPV9M94,2024-12-07,80296.9
NPV9M94,2024-12-09,80589.4
NPV9M94,2024-12-13,81115.7
NPV9M94,2024-12-20,81743.5
NPV9M94,2025-01-07,83546.3
NPV9M94,2025-01-10,83827.3
NPV9M94,2025-01-11,83977.6
NPV9M94,2025-01-12,84125.8
NPV9M94,2025-01-13,84272.5
NPV9M94,2025-02-06,87047.0
NPV9M94,2025-02-17,88396.9
NPV9M94,2025-02-18,88392.9
NPV9M94,2025-03-08,90536.0
NPV9M94,2025-03-16,91666.4
NPV9M94,2025-03-26,92990.2
NPV9M94,2025-03-27,92987.1
NPV9M94,2025-04-09,94619.5
NPV9M94,2025-04-11,94905.8
NPV9M94,2025-04-14,95249.2
NPV9M94,2025-04-16,95562.6
NPV9M94,2025-04-26,96645.0
NPV9M94,2025-04-29,96954.0
NPV9M94,2025-05-03,97464.1
NPV9M94,2025-05-24,100458.5
NPV9M94,2025-05-29,100942.4
NPV9M94,2025-05-31,101243.3
NPV9M94,2025-06-02,101558.2
NPV9M94,2025-06-08,102301.4
NPV9M94,2025-06-11,102763.2
NPV9M94,2025-07-19,107385.7
NPV9M94,2025-07-26,108109.4
NPV9M94,2025-08-06,109362.7
NPV9M94,2025-08-17,110566.1
NPV9M94,2025-08-23,111300.8
NPV9M94,2025-09-30,115326.9
NPV9M94,2025-10-02,115676.9
NPV9M94,2025-10-04,115792.4
NPV9M94,2025-10-13,116705.8
NPV9M94,2025-11-02,119062.6
NPV9M94,2025-11-05,119509.1
NPV9M94,2025-11-18,120894.5
NPV9M94,2025-11-19,121039.7
NPV9M94,2025-11-20,121198.0
NPV9M94,2025-11-26,121922.9
NPV9M94,2025-12-13,123750.9
NPV9M94,2025-12-18,124349.8
NPV9M94,2025-12-20,124675.2
NPV9M94,2025-12-26,125557.5
NPV9M94,2026-01-04,126774.3
NPV9M94,2026-01-27,128947.9
NPV9M94,2026-02-03,129846.5
NPV9M94,2026-02-14,131405.6
NPV9M94,2026-02-20,131978.0
NPV9M94,2026-03-04,133841.7
NPV9M94,2026-03-14,135266.2
NPV9M94,2026-03-17,135412.1
NPV9M94,2026-03-18,135402.2
NPV9M94,2026-03-21,135734.0
NPV9M94,2026-03-23,136037.5
NPV9M94,2026-04-11,138261.7
NPV9M94,2026-04-16,138563.5
NPV9M94,2026-04-17,138731.1
NPV9M94,2026-04-21,139181.6
NPV9M94,2026-04-26,139804.4
NPV9M94,2026-05-22,142936.0
NPV9M94,2026-05-29,143845.4
NVE6F63,2024-01-05,100972.0
NVE6F63,2024-01-26,102662.4
NVE6F63,2024-01-28,102821.7
NVE6F63,2024-02-02,103139.7
NVE6F63,2024-02-08,103691.1
NVE6F63,2024-02-15,104347.8
NVE6F63,2024-02-16,104356.6
NVE6F63,2024-03-08,106016.6
NVE6F63,2024-03-13,106290.1
NVE6F63,2024-03-19,106644.3
NVE6F63,2024-03-24,107151.2
NVE6F63,2024-04-04,108105.8
NVE6F63,2024-04-06,108202.1
NVE6F63,2024-04-26,109552.3
NVE6F63,2024-04-27,109683.5
NVE6F63,2024-04-29,109856.1
NVE6F63,2024-04-30,109952.5
NVE6F63,2024-05-22,111634.4
NVE6F63,2024-05-23,111713.0
NVE6F63,2024-06-15,113413.8
NVE6F63,2024-06-18,113578.3
NVE6F63,2024-06-19,113653.5
NVE6F63,2024-06-25,114167.7
NVE6F63,2024-07-03,114694.0
NVE6F63,2024-07-06,114976.2
NVE6F63,2024-07-08,115057.9
NVE6F63,2024-07-19,115850.6
NVE6F63,2024-07-26,116346.1
NVE6F63,2024-07-28,116436.7
NVE6F63,2024-08-02,116863.7
NVE6F63,2024-08-06,117220.3
NVE6F63,2024-08-18,118184.9
NVE6F63,2024-08-20,118346.8
NVE6F63,2024-08-25,118675.1
NVE6F63,2024-08-28,118834.0
NVE6F63,2024-09-07,119749.6
NVE6F63,2024-09-08,119858.8
NVE6F63,2024-09-16,120534.9
NVE6F63,2024-09-18,120672.3
NVE6F63,2024-09-19,120774.9
NVE6F63,2024-09-23,121072.1
NVE6F63,2024-10-04,122073.5
NVE6F63,2024-10-09,122530.3
NVE6F63,2024-10-10,122602.9
NVE6F63,2024-10-11,122670.2
NVE6F63,2024-10-13,122875.6
NVE6F63,2024-10-14,122969.8
NVE6F63,2024-10-22,123680.3
NVE6F63,2024-10-28,124177.2
NVE6F63,2024-10-30,124333.7
NVE6F63,2024-11-15,125412.5
NVE6F63,2024-11-29,126087.8
NVE6F63,2024-12-01,126258.8
NVE6F63,2025-01-02,128508.9
NVE6F63,2025-01-05,128689.4
NVE6F63,2025-01-06,128679.4
NVE6F63,2025-01-07,128760.2
NVE6F63,2025-01-12,129201.8
NVE6F63,2025-01-14,129382.2
NVE6F63,2025-01-20,129730.0
NVE6F63,2025-01-24,130041.0
NVE6F63,2025-02-05,130929.4
NVE6F63,2025-02-07,131124.4
NVE6F63,2025-02-10,131290.0
NVE6F63,2025-02-12,131436.3
NVE6F63,2025-02-22,132276.2
NVE6F63,2025-02-28,132627.3
NVE6F63,2025-03-04,132919.5
NVE6F63,2025-03-07,133172.7
NVE6F63,2025-03-12,133559.2
NVE6F63,2025-03-19,133888.1
NVE6F63,2025-04-13,135684.9
NVE6F63,2025-04-25,136719.9
NVE6F63,2025-05-02,137131.4
NVE6F63,2025-05-09,137735.7
NVE6F63,2025-05-10,137833.6
NVE6F63,2025-06-05,139736.3
NVE6F63,2025-06-18,140728.8
NVE6F63,2025-06-19,140804.0
NVE6F63,2025-06-24,141056.5
NVE6F63,2025-06-27,141335.1
NVE6F63,2025-07-08,142165.6
NVE6F63,2025-07-10,142370.7
NVE6F63,2025-08-01,143869.4
NVE6F63,2025-08-05,144170.3
NVE6F63,2025-08-08,144414.1
NVE6F63,2025-08-18,145240.1
NVE6F63,2025-08-22,145551.3
NVE6F63,2025-08-24,145729.3
NVE6F63,2025-09-07,146784.6
NVE6F63,2025-09-11,147167.2
NVE6F63,2025-09-19,147837.5
NVE6F63,2025-10-03,149040.2
NVE6F63,2025-10-16,149953.3
NVE6F63,2025-10-18,150160.1
NVE6F63,2025-10-22,150531.8
NVE6F63,2025-10-31,151277.2
NVE6F63,2025-11-10,151898.5
NVE6F63,2025-11-12,152119.6
NVE6F63,2025-11-15,152425.4
NVE6F63,2025-11-21,152724.6
NVE6F63,2025-11-24,152984.7
NVE6F63,2025-11-30,153358.1
NVE6F63,2025-12-01,153423.8
NVE6F63,2025-12-07,153896.7
NVE6F63,2025-12-23,155091.2
NVE6F63,2025-12-30,155616.4
NVE6F63,2026-01-16,156871.3
NVE6F63,2026-01-22,157269.9
NVE6F63,2026-01-23,157342.1
NVE6F63,2026-02-01,158035.3
NVE6F63,2026-02-17,159446.1
NVE6F63,2026-02-22,159693.8
NVE6F63,2026-03-01,160213.8
NVE6F63,2026-03-13,160738.2
NVE6F63,2026-03-14,160849.4
NVE6F63,2026-03-27,161877.2
NVE6F63,2026-03-30,162054.9
NVE6F63,2026-04-01,162248.0
NVE6F63,2026-04-02,162342.1
NVE6F63,2026-04-12,163121.1
NVE6F63,2026-04-21,163884.3
NVE6F63,2026-04-25,164196.5
NVE6F63,2026-05-14,165695.8
NVE6F63,2026-05-15,165786.2
NVE6F63,2026-05-22,166316.8
NVE6F63,2026-05-30,166877.1
ODR2O56,2024-01-02,164405.9
ODR2O56,2024-01-13,166567.8
ODR2O56,2024-01-31,170236.9
ODR2O56,2024-02-02,170764.2
ODR2O56,2024-02-11,172982.5
ODR2O56,2024-03-09,177718.8
ODR2O56,2024-03-23,180745.6
ODR2O56,2024-04-05,183764.8
ODR2O56,2024-05-07,191636.6
ODR2O56,2024-05-13,192587.1
ODR2O56,2024-05-25,194643.2
ODR2O56,2024-06-28,201699.8
ODR2O56,2024-07-02,202643.7
ODR2O56,2024-07-07,204007.2
ODR2O56,2024-07-09,204009.2
ODR2O56,2024-07-12,204637.1
ODR2O56,2024-07-20,206425.5
ODR2O56,2024-07-21,206761.2
ODR2O56,2024-07-24,207479.5
ODR2O56,2024-07-30,209078.5
ODR2O56,2024-07-31,209343.4
ODR2O56,2024-08-19,213462.1
ODR2O56,2024-08-25,214404.7
ODR2O56,2024-08-28,215160.9
ODR2O56,2024-09-01,216008.2
ODR2O56,2024-09-12,218609.2
ODR2O56,2024-09-17,219358.3
ODR2O56,2024-09-24,220942.9
ODR2O56,2024-09-30,222114.9
ODR2O56,2024-10-01,222326.3
ODR2O56,2024-10-21,226940.4
ODR2O56,2024-10-27,228446.4
ODR2O56,2024-10-30,229068.7
ODR2O56,2024-11-03,229746.9
ODR2O56,2024-11-04,229940.8
ODR2O56,2024-11-09,231447.1
ODR2O56,2024-11-10,231445.0
ODR2O56,2024-11-16,232949.2
ODR2O56,2024-11-24,234160.9
ODR2O56,2024-11-25,234458.5
ODR2O56,2024-12-03,236573.2
ODR2O56,2024-12-18,239544.7
ODR2O56,2024-12-26,241607.0
ODR2O56,2024-12-29,242486.9
ODR2O56,2025-01-12,246077.1
ODR2O56,2025-01-29,250421.2
ODR2O56,2025-02-08,252705.7
ODR2O56,2025-03-09,259068.3
ODR2O56,2025-03-11,259709.0
ODR2O56,2025-03-17,261282.5
ODR2O56,2025-03-27,263202.7
ODR2O56,2025-04-07,265754.8
ODR2O56,2025-04-09,266242.5
ODR2O56,2025-04-11,266837.6
ODR2O56,2025-04-14,267375.4
ODR2O56,2025-04-20,268681.1
ODR2O56,2025-04-23,269188.6
ODR2O56,2025-05-10,272895.1
ODR2O56,2025-05-20,275060.2
ODR2O56,2025-05-22,275635.0
ODR2O56,2025-06-01,277804.5
ODR2O56,2025-06-11,279479.3
ODR2O56,2025-06-16,280845.3
ODR2O56,2025-07-11,286171.0
ODR2O56,2025-07-19,287344.0
ODR2O56,2025-07-23,288133.6
ODR2O56,2025-07-30,289074.3
ODR2O56,2025-08-05,290602.8
ODR2O56,2025-08-06,290879.0
ODR2O56,2025-08-07,291093.5
ODR2O56,2025-08-10,291665.9
ODR2O56,2025-08-13,292206.7
ODR2O56,2025-08-26,294867.3
ODR2O56,2025-09-02,296514.4
ODR2O56,2025-09-04,297046.2
ODR2O56,2025-09-18,299567.0
ODR2O56,2025-09-21,299844.9
ODR2O56,2025-09-24,300323.3
ODR2O56,2025-09-26,300807.4
ODR2O56,2025-10-03,302595.3
ODR2O56,2025-10-06,303203.9
ODR2O56,2025-10-09,304025.0
ODR2O56,2025-10-21,306046.2
ODR2O56,2025-10-28,307497.9
ODR2O56,2025-11-02,308350.4
ODR2O56,2025-11-03,308662.0
ODR2O56,2025-11-21,312958.8
ODR2O56,2025-11-23,313442.7
ODR2O56,2025-11-28,314747.0
ODR2O56,2025-12-09,317121.0
ODR2O56,2025-12-16,318607.1
ODR2O56,2025-12-18,319138.8
ODR2O56,2025-12-26,320568.5
ODR2O56,2026-01-05,322899.2
ODR2O56,2026-01-08,323644.5
ODR2O56,2026-01-12,324804.2
ODR2O56,2026-01-18,326088.5
ODR2O56,2026-01-24,327771.6
ODR2O56,2026-01-30,329136.2
ODR2O56,2026-02-03,329889.5
ODR2O56,2026-02-04,330148.0
ODR2O56,2026-02-10,330880.9
ODR2O56,2026-02-17,332076.9
ODR2O56,2026-02-18,332334.2
ODR2O56,2026-03-29,342117.4
ODR2O56,2026-03-31,342114.0
ODR2O56,2026-04-01,342123.8
ODR2O56,2026-04-28,346807.0
ODR2O56,2026-05-04,348087.0
ODR2O56,2026-05-17,350690.0
ODR2O56,2026-05-23,351956.0
ODR2O56,2026-05-25,352430.5
ODR2O56,2026-05-31,353853.0
OOH6I16,2024-01-06,179745.2
OOH6I16,2024-01-08,179992.5
OOH6I16,2024-01-19,181172.0
OOH6I16,2024-01-23,181421.5
OOH6I16,2024-01-29,181891.9
OOH6I16,2024-02-02,182028.8
OOH6I16,2024-02-04,182012.1
OOH6I16,2024-02-22,183720.8
OOH6I16,2024-03-05,184724.6
OOH6I16,2024-03-16,185896.9
OOH6I16,2024-03-23,186481.0
OOH6I16,2024-03-27,186952.7
OOH6I16,2024-04-05,187634.9
OOH6I16,2024-04-14,188593.6
OOH6I16,2024-04-23,189503.4
OOH6I16,2024-05-05,190786.1
OOH6I16,2024-05-13,191552.1
OOH6I16,2024-05-15,191772.6
OOH6I16,2024-05-22,192359.6
OOH6I16,2024-05-29,192914.4
OOH6I16,2024-06-01,193161.0
OOH6I16,2024-06-10,194126.8
OOH6I16,2024-06-11,194260.9
OOH6I16,2024-06-22,195379.3
OOH6I16,2024-07-02,196447.4
OOH6I16,2024-07-08,197142.6
OOH6I16,2024-07-12,197593.3
OOH6I16,2024-07-14,197837.3
OOH6I16,2024-07-27,198806.2
OOH6I16,2024-08-01,199205.6
OOH6I16,2024-08-06,199680.5
OOH6I16,2024-08-16,200388.7
OOH6I16,2024-09-03,202104.5
OOH6I16,2024-09-11,202940.9
OOH6I16,2024-09-16,203282.1
OOH6I16,2024-10-04,205159.3
OOH6I16,2024-10-05,205292.3
OOH6I16,2024-10-06,205398.8
OOH6I16,2024-11-09,208689.0
OOH6I16,2024-11-12,209087.0
OOH6I16,2024-11-13,209186.5
OOH6I16,2024-11-22,209913.4
OOH6I16,2024-11-28,210634.2
OOH6I16,2024-12-09,211683.9
OOH6I16,2024-12-16,212208.5
OOH6I16,2024-12-18,212326.7
OOH6I16,2024-12-21,212640.6
OOH6I16,2024-12-31,213795.3
OOH6I16,2025-01-04,214336.8
OOH6I16,2025-01-07,214566.8
OOH6I16,2025-01-21,216141.0
OOH6I16,2025-01-26,216596.1
OOH6I16,2025-01-29,216977.8
OOH6I16,2025-01-31,217084.2
OOH6I16,2025-02-04,217446.6
OOH6I16,2025-02-06,217690.8
OOH6I16,2025-02-13,218052.9
OOH6I16,2025-02-16,218317.3
OOH6I16,2025-02-24,219319.1
OOH6I16,2025-02-26,219561.9
OOH6I16,2025-02-27,219694.2
OOH6I16,2025-03-03,219915.1
OOH6I16,2025-03-30,222685.0
OOH6I16,2025-03-31,222681.9
OOH6I16,2025-04-14,223983.0
OOH6I16,2025-04-15,223988.1
OOH6I16,2025-04-18,224234.9
OOH6I16,2025-04-22,224560.5
OOH6I16,2025-06-27,230854.0
OOH6I16,2025-07-09,231470.3
OOH6I16,2025-07-12,231594.9
OOH6I16,2025-08-09,234504.0
OOH6I16,2025-08-10,234619.7
OOH6I16,2025-08-15,235003.9
OOH6I16,2025-08-19,235260.5
OOH6I16,2025-08-27,235842.4
OOH6I16,2025-09-01,236430.1
OOH6I16,2025-09-13,237724.7
OOH6I16,2025-09-16,237719.1
OOH6I16,2025-09-23,238232.8
OOH6I16,2025-10-16,240558.7
OOH6I16,2025-10-23,241424.1
OOH6I16,2025-11-01,242330.5
OOH6I16,2025-11-04,242716.5
OOH6I16,2025-11-07,243057.1
OOH6I16,2025-11-18,244035.8
OOH6I16,2025-12-01,245323.4
OOH6I16,2025-12-02,245442.3
OOH6I16,2025-12-03,245443.5
OOH6I16,2025-12-06,245782.2
OOH6I16,2025-12-20,246986.6
OOH6I16,2025-12-29,247563.7
OOH6I16,2025-12-31,247809.7
OOH6I16,2026-01-05,248064.6
OOH6I16,2026-01-13,248785.7
OOH6I16,2026-01-24,250014.1
OOH6I16,2026-02-04,251317.3
OOH6I16,2026-02-24,253418.4
OOH6I16,2026-02-26,253707.2
OOH6I16,2026-03-16,255456.9
OOH6I16,2026-03-28,256802.8
OOH6I16,2026-04-06,257543.5
OOH6I16,2026-04-09,257793.7
OOH6I16,2026-04-28,259233.5
OOH6I16,2026-05-07,260063.3
OOH6I16,2026-05-20,261495.6
OOH6I16,2026-05-27,262021.7
OXA8A75,2024-01-08,122235.8
OXA8A75,2024-01-09,122232.9
OXA8A75,2024-01-23,125675.0
OXA8A75,2024-01-27,126810.0
OXA8A75,2024-02-17,131982.8
OXA8A75,2024-02-20,132834.0
OXA8A75,2024-02-24,133898.1
OXA8A75,2024-03-06,136360.8
OXA8A75,2024-03-14,138190.1
OXA8A75,2024-03-18,139266.3
OXA8A75,2024-03-25,140950.2
OXA8A75,2024-04-15,145666.0
OXA8A75,2024-04-22,147365.0
OXA8A75,2024-04-24,147663.0
OXA8A75,2024-04-29,148978.4
OXA8A75,2024-05-06,150601.2
OXA8A75,2024-05-12,152122.1
OXA8A75,2024-05-18,153269.4
OXA8A75,2024-06-05,157198.9
OXA8A75,2024-06-17,159698.7
OXA8A75,2024-06-23,161033.4
OXA8A75,2024-07-01,162845.8
OXA8A75,2024-07-03,162988.3
OXA8A75,2024-07-13,164358.9
OXA8A75,2024-07-14,164598.7
OXA8A75,2024-07-15,164781.3
OXA8A75,2024-07-28,167099.1
OXA8A75,2024-08-22,172279.0
OXA8A75,2024-08-27,173153.8
OXA8A75,2024-08-28,173155.2
OXA8A75,2024-09-05,175002.3
OXA8A75,2024-09-06,175008.4
OXA8A75,2024-09-10,176020.0
OXA8A75,2024-09-11,176258.0
OXA8A75,2024-09-30,180313.2
OXA8A75,2024-10-01,180525.7
OXA8A75,2024-10-13,183493.2
OXA8A75,2024-10-22,185359.8
OXA8A75,2024-10-30,187275.3
OXA8A75,2024-11-04,188042.4
OXA8A75,2024-11-09,189035.5
OXA8A75,2024-11-16,190721.9
OXA8A75,2024-12-01,194641.7
OXA8A75,2024-12-06,195667.2
OXA8A75,2024-12-28,199721.2
OXA8A75,2024-12-30,200346.9
OXA8A75,2025-01-03,201318.1
OXA8A75,2025-01-04,201609.9
OXA8A75,2025-01-07,202378.3
OXA8A75,2025-01-24,206488.5
OXA8A75,2025-01-31,208025.3
OXA8A75,2025-02-01,208277.7
OXA8A75,2025-02-02,208520.6
OXA8A75,2025-02-09,209823.4
OXA8A75,2025-02-14,210968.0
OXA8A75,2025-02-20,212574.9
OXA8A75,2025-03-04,215649.6
OXA8A75,2025-03-06,216151.8
OXA8A75,2025-03-12,217449.7
OXA8A75,2025-04-05,222687.8
OXA8A75,2025-04-06,222874.8
OXA8A75,2025-04-10,223786.4
OXA8A75,2025-04-14,224794.2
OXA8A75,2025-05-06,229400.8
OXA8A75,2025-05-07,229632.8
OXA8A75,2025-05-08,229935.2
OXA8A75,2025-05-16,231725.4
OXA8A75,2025-05-25,233890.5
OXA8A75,2025-05-26,233895.1
OXA8A75,2025-06-07,236666.4
OXA8A75,2025-06-16,238530.5
OXA8A75,2025-06-17,238790.1
OXA8A75,2025-06-20,239622.8
OXA8A75,2025-06-24,240438.8
OXA8A75,2025-06-26,240868.3
OXA8A75,2025-07-01,242189.4
OXA8A75,2025-07-13,244555.9
OXA8A75,2025-07-22,246561.5
OXA8A75,2025-07-26,247245.1
OXA8A75,2025-07-27,247486.0
OXA8A75,2025-08-13,251351.4
OXA8A75,2025-08-15,251834.3
OXA8A75,2025-09-01,255629.9
OXA8A75,2025-09-05,256802.5
OXA8A75,2025-09-08,257253.9
OXA8A75,2025-09-21,260220.3
OXA8A75,2025-09-23,260658.5
OXA8A75,2025-09-24,260845.1
OXA8A75,2025-10-14,264867.3
OXA8A75,2025-10-21,266453.9
OXA8A75,2025-10-23,266949.7
OXA8A75,2025-10-26,267679.9
OXA8A75,2025-11-15,273040.0
OXA8A75,2025-12-18,280754.9
OXA8A75,2026-01-08,285815.2
OXA8A75,2026-01-14,286983.6
OXA8A75,2026-01-29,290413.5
OXA8A75,2026-02-01,290964.6
OXA8A75,2026-02-03,291443.3
OXA8A75,2026-02-04,291649.1
OXA8A75,2026-02-07,292448.4
OXA8A75,2026-02-10,293231.9
OXA8A75,2026-02-16,294684.1
OXA8A75,2026-02-17,294996.2
OXA8A75,2026-02-27,296805.1
OXA8A75,2026-03-12,299588.8
OXA8A75,2026-03-19,301440.0
OXA8A75,2026-03-25,302677.7
OXA8A75,2026-04-03,304396.8
OXA8A75,2026-04-13,306893.2
OXA8A75,2026-04-16,307620.3
OXA8A75,2026-04-27,309962.8
OXA8A75,2026-05-08,312065.6
OXA8A75,2026-05-11,312547.2
OXA8A75,2026-05-12,312808.4
OXA8A75,2026-05-28,316410.0
OYZ2J69,2024-01-02,178959.6
OYZ2J69,2024-01-07,179626.6
OYZ2J69,2024-02-12,187628.6
OYZ2J69,2024-02-16,188594.2
OYZ2J69,2024-02-17,188858.7
OYZ2J69,2024-02-25,190307.2
OYZ2J69,2024-03-03,191687.9
OYZ2J69,2024-03-12,193096.3
OYZ2J69,2024-03-15,193564.1
OYZ2J69,2024-03-23,195399.2
OYZ2J69,2024-03-26,196127.0
OYZ2J69,2024-04-03,197809.9
OYZ2J69,2024-04-11,199968.1
OYZ2J69,2024-04-26,202785.7
OYZ2J69,2024-05-07,205193.2
OYZ2J69,2024-05-09,205713.4
OYZ2J69,2024-05-10,205950.0
OYZ2J69,2024-05-14,207047.9
OYZ2J69,2024-06-09,212001.1
OYZ2J69,2024-06-20,214157.7
OYZ2J69,2024-06-26,214931.6
OYZ2J69,2024-06-27,215247.2
OYZ2J69,2024-07-04,216507.6
OYZ2J69,2024-07-06,217028.7
OYZ2J69,2024-07-09,217567.0
OYZ2J69,2024-07-14,218787.3
OYZ2J69,2024-07-23,220820.4
OYZ2J69,2024-07-24,221046.6
OYZ2J69,2024-07-25,221371.4
OYZ2J69,2024-08-13,225565.8
OYZ2J69,2024-08-16,226465.5
OYZ2J69,2024-08-20,226969.4
OYZ2J69,2024-08-23,227498.7
OYZ2J69,2024-09-09,230628.7
OYZ2J69,2024-09-14,230858.1
OYZ2J69,2024-09-15,231166.5
OYZ2J69,2024-09-18,231691.1
OYZ2J69,2024-09-30,234222.7
OYZ2J69,2024-10-02,234754.1
OYZ2J69,2024-10-21,237693.1
OYZ2J69,2024-10-22,237965.9
OYZ2J69,2024-10-27,238901.0
OYZ2J69,2024-11-09,240655.7
OYZ2J69,2024-11-10,241029.3
OYZ2J69,2024-11-15,242217.5
OYZ2J69,2024-11-24,244023.3
OYZ2J69,2024-11-28,244333.9
OYZ2J69,2024-12-03,245033.8
OYZ2J69,2024-12-07,245812.7
OYZ2J69,2024-12-08,246114.6
OYZ2J69,2025-01-02,250514.2
OYZ2J69,2025-01-07,251677.9
OYZ2J69,2025-01-09,252127.2
OYZ2J69,2025-01-10,252351.1
OYZ2J69,2025-01-21,254722.6
OYZ2J69,2025-02-16,260412.6
OYZ2J69,2025-02-20,261524.4
OYZ2J69,2025-03-11,264742.8
OYZ2J69,2025-03-13,265198.9
OYZ2J69,2025-03-14,265191.5
OYZ2J69,2025-03-15,265372.3
OYZ2J69,2025-03-18,265886.4
OYZ2J69,2025-04-06,269515.0
OYZ2J69,2025-04-12,271054.7
OYZ2J69,2025-04-14,271603.5
OYZ2J69,2025-04-16,272048.0
OYZ2J69,2025-04-18,272318.6
OYZ2J69,2025-04-21,272827.7
OYZ2J69,2025-05-07,276536.9
OYZ2J69,2025-05-08,276769.3
OYZ2J69,2025-05-11,277261.3
OYZ2J69,2025-05-18,278481.4
OYZ2J69,2025-06-16,284125.2
OYZ2J69,2025-06-18,284631.5
OYZ2J69,2025-06-21,285025.6
OYZ2J69,2025-06-22,285361.4
OYZ2J69,2025-07-14,289990.4
OYZ2J69,2025-07-25,292822.3
OYZ2J69,2025-07-29,293352.7
OYZ2J69,2025-08-05,294621.8
OYZ2J69,2025-08-16,296429.6
OYZ2J69,2025-08-18,296937.9
OYZ2J69,2025-08-21,297440.4
OYZ2J69,2025-08-23,297942.8
OYZ2J69,2025-08-24,298165.3
OYZ2J69,2025-08-29,298791.1
OYZ2J69,2025-09-03,299648.4
OYZ2J69,2025-09-10,300755.0
OYZ2J69,2025-09-27,303746.2
OYZ2J69,2025-10-12,306474.8
OYZ2J69,2025-10-20,308105.1
OYZ2J69,2025-10-27,309548.9
OYZ2J69,2025-11-19,313686.3
OYZ2J69,2025-11-20,313888.9
OYZ2J69,2025-11-24,314979.1
OYZ2J69,2025-11-26,315457.2
OYZ2J69,2025-11-27,315458.6
OYZ2J69,2025-12-01,316379.9
OYZ2J69,2025-12-06,316919.7
OYZ2J69,2025-12-27,320489.5
OYZ2J69,2026-01-20,324478.7
OYZ2J69,2026-01-22,324756.7
OYZ2J69,2026-02-02,327198.7
OYZ2J69,2026-02-04,327487.1
OYZ2J69,2026-03-02,332219.9
OYZ2J69,2026-04-02,338555.0
OYZ2J69,2026-04-04,339023.2
OYZ2J69,2026-04-05,339331.2
OYZ2J69,2026-04-08,340016.5
OYZ2J69,2026-04-12,340717.3
OYZ2J69,2026-04-20,342483.6
OYZ2J69,2026-05-04,345930.8
OYZ2J69,2026-05-05,346215.8
OYZ2J69,2026-05-09,346791.4
OYZ2J69,2026-05-14,347722.2
OYZ2J69,2026-05-22,348692.2
PHV2Z61,2024-01-05,75637.0
PHV2Z61,2024-01-08,76172.8
PHV2Z61,2024-01-13,77309.3
PHV2Z61,2024-01-14,77606.4
PHV2Z61,2024-01-15,77606.3
PHV2Z61,2024-01-22,79403.9
PHV2Z61,2024-01-24,79913.4
PHV2Z61,2024-02-04,82623.0
PHV2Z61,2024-02-17,85319.8
PHV2Z61,2024-02-24,87066.4
PHV2Z61,2024-02-25,87320.3
PHV2Z61,2024-03-07,89238.4
PHV2Z61,2024-03-21,91582.2
PHV2Z61,2024-03-24,92081.9
PHV2Z61,2024-03-26,92588.6
PHV2Z61,2024-03-27,92589.6
PHV2Z61,2024-04-08,94932.3
PHV2Z61,2024-04-19,97754.8
PHV2Z61,2024-04-28,99669.6
PHV2Z61,2024-04-30,100165.8
PHV2Z61,2024-05-13,103220.9
PHV2Z61,2024-05-16,103964.1
PHV2Z61,2024-05-18,104552.0
PHV2Z61,2024-05-23,105665.6
PHV2Z61,2024-06-08,109415.1
PHV2Z61,2024-06-14,110821.1
PHV2Z61,2024-06-19,111829.5
PHV2Z61,2024-06-20,112096.8
PHV2Z61,2024-07-08,115836.6
PHV2Z61,2024-07-12,116517.5
PHV2Z61,2024-07-23,118531.3
PHV2Z61,2024-07-27,119515.2
PHV2Z61,2024-08-06,121290.4
PHV2Z61,2024-08-10,122343.9
PHV2Z61,2024-08-16,123794.2
PHV2Z61,2024-08-29,126111.5
PHV2Z61,2024-09-03,126860.6
PHV2Z61,2024-09-04,127141.1
PHV2Z61,2024-09-07,127944.2
PHV2Z61,2024-09-23,132291.1
PHV2Z61,2024-10-01,134159.7
PHV2Z61,2024-10-11,136227.6
PHV2Z61,2024-10-13,136790.6
PHV2Z61,2024-10-21,138668.9
PHV2Z61,2024-10-27,140283.5
PHV2Z61,2024-11-02,141702.6
PHV2Z61,2024-11-07,142695.4
PHV2Z61,2024-11-08,142690.9
PHV2Z61,2024-11-11,143523.1
PHV2Z61,2024-11-19,145299.9
PHV2Z61,2024-11-24,146372.7
PHV2Z61,2024-11-27,146840.6
PHV2Z61,2024-12-08,149468.9
PHV2Z61,2024-12-15,151039.0
PHV2Z61,2024-12-19,152138.7
PHV2Z61,2025-01-07,156806.0
PHV2Z61,2025-02-09,164226.2
PHV2Z61,2025-02-11,164728.4
PHV2Z61,2025-02-13,165324.9
PHV2Z61,2025-02-15,165590.4
PHV2Z61,2025-02-18,166108.8
PHV2Z61,2025-03-01,169031.2
PHV2Z61,2025-03-10,171423.5
PHV2Z61,2025-03-14,172454.4
PHV2Z61,2025-03-16,172949.8
PHV2Z61,2025-03-17,173189.6
PHV2Z61,2025-03-31,176195.2
PHV2Z61,2025-04-06,177238.6
PHV2Z61,2025-04-08,177755.0
PHV2Z61,2025-04-10,178225.6
PHV2Z61,2025-04-20,180556.9
PHV2Z61,2025-04-25,181838.8
PHV2Z61,2025-04-29,182499.9
PHV2Z61,2025-05-03,183523.7
PHV2Z61,2025-06-06,190183.1
PHV2Z61,2025-06-15,192348.8
PHV2Z61,2025-07-01,195560.9
PHV2Z61,2025-07-10,197299.7
PHV2Z61,2025-07-13,197587.5
PHV2Z61,2025-07-16,198161.6
PHV2Z61,2025-08-03,202524.0
PHV2Z61,2025-08-14,204658.6
PHV2Z61,2025-09-01,208267.8
PHV2Z61,2025-09-15,210765.5
PHV2Z61,2025-09-20,211951.1
PHV2Z61,2025-09-25,212692.5
PHV2Z61,2025-09-26,212960.4
PHV2Z61,2025-10-10,216555.9
PHV2Z61,2025-10-13,217030.5
PHV2Z61,2025-10-19,217864.9
PHV2Z61,2025-10-20,218128.8
PHV2Z61,2025-10-31,220960.1
PHV2Z61,2025-11-03,221788.8
PHV2Z61,2025-11-05,222353.2
PHV2Z61,2025-11-07,222901.7
PHV2Z61,2025-11-18,225271.0
PHV2Z61,2025-12-04,228598.5
PHV2Z61,2025-12-07,229363.6
PHV2Z61,2025-12-14,230630.9
PHV2Z61,2025-12-22,232524.3
PHV2Z61,2025-12-29,233063.9
PHV2Z61,2025-12-30,233352.3
PHV2Z61,2026-01-04,234466.2
PHV2Z61,2026-01-09,235208.5
PHV2Z61,2026-01-11,235451.9
PHV2Z61,2026-01-16,236776.2
PHV2Z61,2026-01-23,238790.9
PHV2Z61,2026-01-28,239333.8
PHV2Z61,2026-01-31,240148.9
PHV2Z61,2026-02-12,243169.6
PHV2Z61,2026-02-14,243436.6
PHV2Z61,2026-02-24,246152.7
PHV2Z61,2026-02-27,246618.1
PHV2Z61,2026-03-02,247411.8
PHV2Z61,2026-03-07,248525.8
PHV2Z61,2026-03-12,249721.5
PHV2Z61,2026-03-25,252331.8
PHV2Z61,2026-04-26,259912.5
PHV2Z61,2026-05-20,266116.0
PHV2Z61,2026-05-22,266448.3
PHV2Z61,2026-05-31,268259.3
PUU4X93,2024-01-02,146529.1
PUU4X93,2024-01-13,147064.5
PUU4X93,2024-01-16,147268.7
PUU4X93,2024-01-19,147498.4
PUU4X93,2024-01-27,147659.4
PUU4X93,2024-01-31,147873.3
PUU4X93,2024-02-03,148023.5
PUU4X93,2024-02-06,148166.7
PUU4X93,2024-02-15,148660.6
PUU4X93,2024-02-28,149461.5
PUU4X93,2024-03-07,149862.5
PUU4X93,2024-03-10,150020.8
PUU4X93,2024-03-17,150430.5
PUU4X93,2024-03-24,150766.6
PUU4X93,2024-03-25,150843.3
PUU4X93,2024-04-11,151926.5
PUU4X93,2024-04-13,152094.7
PUU4X93,2024-04-14,152138.5
PUU4X93,2024-04-19,152417.5
PUU4X93,2024-05-03,153188.7
PUU4X93,2024-05-04,153183.4
PUU4X93,2024-05-31,154946.9
PUU4X93,2024-06-06,155234.7
PUU4X93,2024-06-16,155895.6
PUU4X93,2024-06-22,156170.1
PUU4X93,2024-06-23,156235.2
PUU4X93,2024-06-25,156300.9
PUU4X93,2024-06-27,156459.5
PUU4X93,2024-07-16,157320.9
PUU4X93,2024-07-17,157389.4
PUU4X93,2024-07-18,157460.3
PUU4X93,2024-07-20,157598.3
PUU4X93,2024-07-28,158137.9
PUU4X93,2024-07-31,158260.5
PUU4X93,2024-08-02,158317.7
PUU4X93,2024-08-13,158847.0
PUU4X93,2024-08-15,158916.1
PUU4X93,2024-08-17,159055.9
PUU4X93,2024-08-20,159269.4
PUU4X93,2024-09-01,160019.3
PUU4X93,2024-09-05,160129.1
PUU4X93,2024-09-09,160300.6
PUU4X93,2024-09-17,160513.4
PUU4X93,2024-09-23,160911.5
PUU4X93,2024-09-24,160972.8
PUU4X93,2024-09-26,161119.5
PUU4X93,2024-10-02,161490.5
PUU4X93,2024-10-12,162127.3
PUU4X93,2024-10-18,162533.0
PUU4X93,2024-10-19,162597.2
PUU4X93,2024-11-01,163364.0
PUU4X93,2024-11-03,163360.3
PUU4X93,2024-11-05,163420.6
PUU4X93,2024-11-10,163754.8
PUU4X93,2024-11-21,164290.5
PUU4X93,2024-11-25,164476.4
PUU4X93,2024-12-01,164862.0
PUU4X93,2024-12-06,165228.8
PUU4X93,2024-12-14,165660.1
PUU4X93,2025-01-02,166924.1
PUU4X93,2025-01-04,167028.1
PUU4X93,2025-01-08,167309.1
PUU4X93,2025-01-18,167955.0
PUU4X93,2025-01-24,168212.3
PUU4X93,2025-02-12,169401.3
PUU4X93,2025-03-11,170659.0
PUU4X93,2025-03-17,170834.1
PUU4X93,2025-03-23,171255.3
PUU4X93,2025-03-24,171312.3
PUU4X93,2025-03-26,171456.5
PUU4X93,2025-04-04,172088.5
PUU4X93,2025-04-19,172859.5
PUU4X93,2025-05-02,173507.0
PUU4X93,2025-05-03,173585.2
PUU4X93,2025-05-20,174454.0
PUU4X93,2025-05-31,175224.2
PUU4X93,2025-06-02,175293.0
PUU4X93,2025-06-09,175742.4
PUU4X93,2025-06-29,176469.8
PUU4X93,2025-07-05,176865.9
PUU4X93,2025-07-12,177311.4
PUU4X93,2025-07-13,177377.8
PUU4X93,2025-08-03,178446.2
PUU4X93,2025-08-22,179479.5
PUU4X93,2025-08-28,179906.5
PUU4X93,2025-09-01,180129.8
PUU4X93,2025-09-03,180274.3
PUU4X93,2025-09-05,180410.7
PUU4X93,2025-09-09,180729.4
PUU4X93,2025-09-10,180729.9
PUU4X93,2025-09-27,181631.3
PUU4X93,2025-09-29,181782.2
PUU4X93,2025-10-03,181968.7
PUU4X93,2025-10-05,182119.0
PUU4X93,2025-10-06,182150.5
PUU4X93,2025-10-24,183227.5
PUU4X93,2025-11-02,183844.3
PUU4X93,2025-11-09,184333.2
PUU4X93,2025-11-11,184469.3
PUU4X93,2025-11-15,184759.1
PUU4X93,2025-11-20,185083.1
PUU4X93,2025-11-23,185247.4
PUU4X93,2025-11-26,185433.9
PUU4X93,2025-12-07,186021.8
PUU4X93,2025-12-10,186166.4
PUU4X93,2025-12-18,186666.2
PUU4X93,2025-12-19,186672.1
PUU4X93,2025-12-20,186673.2
PUU4X93,2025-12-24,186948.9
PUU4X93,2026-01-01,187339.3
PUU4X93,2026-01-07,187595.0
PUU4X93,2026-01-26,188549.1
PUU4X93,2026-02-03,189080.3
PUU4X93,2026-02-12,189438.0
PUU4X93,2026-02-24,190098.4
PUU4X93,2026-02-28,190372.2
PUU4X93,2026-03-03,190530.7
PUU4X93,2026-03-05,190686.9
PUU4X93,2026-03-16,191459.3
PUU4X93,2026-04-02,192290.7
PUU4X93,2026-04-06,192486.7
PUU4X93,2026-04-14,192865.6
PUU4X93,2026-04-27,193598.4
PUU4X93,2026-05-04,193885.6
PUU4X93,2026-05-08,194146.4
PUU4X93,2026-05-10,194306.7
PUU4X93,2026-05-18,194815.4
PUU4X93,2026-05-20,194905.3
PUU4X93,2026-05-24,195109.5
PZT0T38,2024-01-06,144950.8
PZT0T38,2024-01-19,146136.3
PZT0T38,2024-01-25,146627.1
PZT0T38,2024-01-28,147046.2
PZT0T38,2024-02-04,147872.9
PZT0T38,2024-02-24,150478.6
PZT0T38,2024-02-29,151184.8
PZT0T38,2024-03-04,151701.5
PZT0T38,2024-03-25,154265.9
PZT0T38,2024-03-28,154614.9
PZT0T38,2024-04-21,157421.8
PZT0T38,2024-04-23,157540.8
PZT0T38,2024-05-09,159444.4
PZT0T38,2024-05-18,160720.6
PZT0T38,2024-05-29,162116.9
PZT0T38,2024-05-30,162273.2
PZT0T38,2024-06-07,163089.2
PZT0T38,2024-06-14,164041.1
PZT0T38,2024-06-29,166046.4
PZT0T38,2024-06-30,166035.1
PZT0T38,2024-07-04,166575.4
PZT0T38,2024-07-08,166957.0
PZT0T38,2024-07-11,167316.2
PZT0T38,2024-07-20,168261.3
PZT0T38,2024-08-02,169917.3
PZT0T38,2024-08-14,171284.7
PZT0T38,2024-08-18,171816.4
PZT0T38,2024-08-21,172222.2
PZT0T38,2024-08-24,172676.6
PZT0T38,2024-08-25,172814.6
PZT0T38,2024-09-10,174622.8
PZT0T38,2024-09-11,174759.6
PZT0T38,2024-09-22,176155.7
PZT0T38,2024-09-23,176332.6
PZT0T38,2024-09-27,176838.1
PZT0T38,2024-09-29,177118.6
PZT0T38,2024-10-01,177252.6
PZT0T38,2024-10-05,177710.4
PZT0T38,2024-10-16,178853.2
PZT0T38,2024-10-17,178950.8
PZT0T38,2024-10-19,179219.2
PZT0T38,2024-10-26,180149.7
PZT0T38,2024-11-03,181263.5
PZT0T38,2024-12-10,185246.9
PZT0T38,2024-12-15,185970.2
PZT0T38,2024-12-26,187478.1
PZT0T38,2024-12-29,187873.2
PZT0T38,2025-01-04,188645.0
PZT0T38,2025-01-05,188782.2
PZT0T38,2025-01-09,189291.4
PZT0T38,2025-01-10,189408.1
PZT0T38,2025-01-21,190709.7
PZT0T38,2025-02-01,192181.8
PZT0T38,2025-02-09,193154.0
PZT0T38,2025-02-14,193874.7
PZT0T38,2025-02-19,194450.7
PZT0T38,2025-02-23,194994.7
PZT0T38,2025-02-28,195535.8
PZT0T38,2025-03-02,195741.4
PZT0T38,2025-03-28,198895.3
PZT0T38,2025-04-14,201026.8
PZT0T38,2025-04-18,201272.7
PZT0T38,2025-04-28,202441.0
PZT0T38,2025-04-30,202609.6
PZT0T38,2025-05-09,203825.7
PZT0T38,2025-05-19,205239.0
PZT0T38,2025-06-11,208151.2
PZT0T38,2025-06-21,209285.6
PZT0T38,2025-07-24,213129.6
PZT0T38,2025-07-25,213293.3
PZT0T38,2025-07-26,213422.2
PZT0T38,2025-07-28,213593.3
PZT0T38,2025-07-30,213756.2
PZT0T38,2025-08-01,214054.5
PZT0T38,2025-08-07,214669.4
PZT0T38,2025-08-08,214795.6
PZT0T38,2025-08-16,215680.0
PZT0T38,2025-08-23,216641.1
PZT0T38,2025-08-26,216995.7
PZT0T38,2025-08-27,217172.7
PZT0T38,2025-08-28,217288.5
PZT0T38,2025-08-29,217295.4
PZT0T38,2025-08-31,217447.8
PZT0T38,2025-09-13,219039.4
PZT0T38,2025-09-22,220302.6
PZT0T38,2025-09-25,220778.0
PZT0T38,2025-09-30,221387.5
PZT0T38,2025-10-12,222850.9
PZT0T38,2025-10-22,224096.1
PZT0T38,2025-10-23,224187.2
PZT0T38,2025-10-25,224321.4
PZT0T38,2025-11-27,228339.0
PZT0T38,2025-11-28,228458.8
PZT0T38,2025-12-08,229556.3
PZT0T38,2025-12-15,230353.7
PZT0T38,2025-12-18,230705.5
PZT0T38,2025-12-23,231372.5
PZT0T38,2025-12-26,231702.6
PZT0T38,2026-01-02,232561.3
PZT0T38,2026-01-21,234942.0
PZT0T38,2026-01-25,235597.6
PZT0T38,2026-01-30,236218.6
PZT0T38,2026-02-11,237660.2
PZT0T38,2026-02-21,239063.7
PZT0T38,2026-02-22,239196.9
PZT0T38,2026-02-23,239342.7
PZT0T38,2026-03-03,240231.3
PZT0T38,2026-03-05,240468.6
PZT0T38,2026-03-29,243018.4
PZT0T38,2026-04-04,243828.3
PZT0T38,2026-04-14,245195.6
PZT0T38,2026-04-23,246054.4
PZT0T38,2026-04-29,246735.4
PZT0T38,2026-05-06,247629.0
PZT0T38,2026-05-16,249015.8
PZT0T38,2026-05-18,249314.5
PZT0T38,2026-05-20,249418.4
QDK7Z89,2024-01-03,91791.2
QDK7Z89,2024-01-04,91879.9
QDK7Z89,2024-01-06,92115.6
QDK7Z89,2024-01-12,92683.3
QDK7Z89,2024-01-15,92754.8
QDK7Z89,2024-02-13,94991.3
QDK7Z89,2024-03-01,96421.9
QDK7Z89,2024-03-27,98427.0
QDK7Z89,2024-04-13,99990.2
QDK7Z89,2024-05-02,101430.8
QDK7Z89,2024-05-03,101523.7
QDK7Z89,2024-05-11,102348.0
QDK7Z89,2024-05-12,102451.2
QDK7Z89,2024-05-15,102527.8
QDK7Z89,2024-05-24,103295.8
QDK7Z89,2024-05-28,103479.7
QDK7Z89,2024-06-06,104274.8
QDK7Z89,2024-06-10,104467.1
QDK7Z89,2024-06-14,104847.0
QDK7Z89,2024-06-19,105230.1
QDK7Z89,2024-07-07,106911.2
QDK7Z89,2024-07-08,106987.8
QDK7Z89,2024-07-12,107145.8
QDK7Z89,2024-07-27,108431.7
QDK7Z89,2024-07-31,108607.9
QDK7Z89,2024-08-02,108836.2
QDK7Z89,2024-08-18,110156.4
QDK7Z89,2024-08-23,110449.4
QDK7Z89,2024-08-24,110471.2
QDK7Z89,2024-09-04,111199.9
QDK7Z89,2024-09-08,111465.3
QDK7Z89,2024-09-15,111996.1
QDK7Z89,2024-09-18,112266.3
QDK7Z89,2024-10-01,113489.9
QDK7Z89,2024-10-11,114091.8
QDK7Z89,2024-10-14,114352.8
QDK7Z89,2024-10-17,114502.4
QDK7Z89,2024-10-25,115135.6
QDK7Z89,2024-11-04,115816.8
QDK7Z89,2024-11-06,115992.5
QDK7Z89,2024-11-20,117159.0
QDK7Z89,2024-11-21,117237.5
QDK7Z89,2024-11-26,117570.0
QDK7Z89,2024-12-31,120051.7
QDK7Z89,2025-01-10,120678.5
QDK7Z89,2025-01-21,121474.7
QDK7Z89,2025-01-27,121962.8
QDK7Z89,2025-02-06,122335.6
QDK7Z89,2025-02-11,122703.5
QDK7Z89,2025-02-14,123035.5
QDK7Z89,2025-02-16,123035.5
QDK7Z89,2025-02-20,123224.2
QDK7Z89,2025-02-22,123405.6
QDK7Z89,2025-02-25,123680.8
QDK7Z89,2025-02-26,123764.8
QDK7Z89,2025-03-02,124041.7
QDK7Z89,2025-03-09,124721.3
QDK7Z89,2025-03-22,125882.1
QDK7Z89,2025-03-24,126024.5
QDK7Z89,2025-03-29,126512.0
QDK7Z89,2025-04-06,127262.8
QDK7Z89,2025-04-08,127437.3
QDK7Z89,2025-04-17,128107.4
QDK7Z89,2025-04-24,128643.1
QDK7Z89,2025-05-06,129591.8
QDK7Z89,2025-05-09,129743.9
QDK7Z89,2025-05-25,131022.0
QDK7Z89,2025-06-01,131605.2
QDK7Z89,2025-06-07,131990.6
QDK7Z89,2025-06-12,132411.2
QDK7Z89,2025-06-17,132828.1
QDK7Z89,2025-06-23,133192.8
QDK7Z89,2025-06-25,133268.6
QDK7Z89,2025-07-06,134065.5
QDK7Z89,2025-07-07,134183.5
QDK7Z89,2025-07-15,134973.2
QDK7Z89,2025-07-25,135647.0
QDK7Z89,2025-08-10,136622.0
QDK7Z89,2025-08-18,137429.7
QDK7Z89,2025-09-09,139202.3
QDK7Z89,2025-09-15,139678.3
QDK7Z89,2025-09-18,139944.7
QDK7Z89,2025-10-01,140718.6
QDK7Z89,2025-10-04,140889.7
QDK7Z89,2025-10-17,141822.6
QDK7Z89,2025-10-20,142087.3
QDK7Z89,2025-10-22,142174.9
QDK7Z89,2025-10-24,142290.1
QDK7Z89,2025-10-31,142649.8
QDK7Z89,2025-11-01,142762.8
QDK7Z89,2025-11-03,142961.8
QDK7Z89,2025-11-04,143060.5
QDK7Z89,2025-11-07,143316.9
QDK7Z89,2025-11-14,144000.5
QDK7Z89,2025-11-23,144685.8
QDK7Z89,2025-11-25,144849.8
QDK7Z89,2025-11-28,144935.0
QDK7Z89,2025-12-07,145615.3
QDK7Z89,2025-12-13,146184.4
QDK7Z89,2025-12-16,146352.8
QDK7Z89,2025-12-17,146491.5
QDK7Z89,2025-12-20,146666.8
QDK7Z89,2025-12-23,146954.4
QDK7Z89,2026-01-05,147956.4
QDK7Z89,2026-01-06,147958.2
QDK7Z89,2026-01-07,148042.0
QDK7Z89,2026-01-14,148716.6
QDK7Z89,2026-01-18,148974.2
QDK7Z89,2026-01-28,149640.2
QDK7Z89,2026-01-29,149639.0
QDK7Z89,2026-02-16,151193.7
QDK7Z89,2026-02-20,151606.4
QDK7Z89,2026-02-21,151678.4
QDK7Z89,2026-02-22,151754.0
QDK7Z89,2026-02-27,152124.8
QDK7Z89,2026-03-01,152210.4
QDK7Z89,2026-03-12,153141.6
QDK7Z89,2026-04-07,155175.8
QDK7Z89,2026-04-16,155856.5
QDK7Z89,2026-04-20,156184.6
QDK7Z89,2026-04-28,156821.1
QDK7Z89,2026-04-30,157026.1
QDK7Z89,2026-05-02,157123.0
QDK7Z89,2026-05-14,158139.7
QDK7Z89,2026-05-21,158814.7
QDK7Z89,2026-05-31,159395.9
QOV8B17,2024-01-03,112372.8
QOV8B17,2024-01-04,112514.3
QOV8B17,2024-01-21,115493.3
QOV8B17,2024-01-24,116135.0
QOV8B17,2024-01-26,116577.1
QOV8B17,2024-01-27,116742.5
QOV8B17,2024-02-05,117565.5
QOV8B17,2024-02-08,118196.5
QOV8B17,2024-02-10,118705.9
QOV8B17,2024-02-26,122056.6
QOV8B17,2024-03-05,123321.6
QOV8B17,2024-03-07,123484.8
QOV8B17,2024-03-23,126786.6
QOV8B17,2024-04-01,128548.7
QOV8B17,2024-04-09,130595.7
QOV8B17,2024-04-15,131596.5
QOV8B17,2024-04-25,133727.7
QOV8B17,2024-04-27,134107.0
QOV8B17,2024-05-02,135103.9
QOV8B17,2024-05-23,138910.6
QOV8B17,2024-05-25,139110.7
QOV8B17,2024-06-05,140623.9
QOV8B17,2024-06-17,142924.1
QOV8B17,2024-06-18,143155.4
QOV8B17,2024-06-29,145681.3
QOV8B17,2024-07-10,147711.0
QOV8B17,2024-07-14,148462.6
QOV8B17,2024-07-16,148894.7
QOV8B17,2024-07-18,149302.5
QOV8B17,2024-07-19,149421.5
QOV8B17,2024-07-30,151097.2
QOV8B17,2024-08-26,156338.0
QOV8B17,2024-08-27,156567.7
QOV8B17,2024-09-02,157439.0
QOV8B17,2024-09-03,157437.6
QOV8B17,2024-09-09,158262.3
QOV8B17,2024-09-16,158986.2
QOV8B17,2024-09-17,159188.3
QOV8B17,2024-09-20,159883.3
QOV8B17,2024-09-24,160669.2
QOV8B17,2024-10-03,162736.4
QOV8B17,2024-10-06,163354.6
QOV8B17,2024-10-24,166890.7
QOV8B17,2024-10-28,167664.8
QOV8B17,2024-10-29,167873.5
QOV8B17,2024-11-03,168609.2
QOV8B17,2024-11-13,170449.9
QOV8B17,2024-11-20,172109.5
QOV8B17,2024-12-06,174349.6
QOV8B17,2024-12-08,174738.9
QOV8B17,2024-12-18,176589.1
QOV8B17,2024-12-23,177012.5
QOV8B17,2025-01-25,182644.5
QOV8B17,2025-01-30,183734.6
QOV8B17,2025-01-31,183734.3
QOV8B17,2025-02-06,184604.5
QOV8B17,2025-02-07,184818.0
QOV8B17,2025-03-01,187635.4
QOV8B17,2025-03-20,191585.9
QOV8B17,2025-03-24,192353.7
QOV8B17,2025-03-31,193613.6
QOV8B17,2025-04-05,194970.7
QOV8B17,2025-04-10,195622.2
QOV8B17,2025-04-14,196261.5
QOV8B17,2025-04-22,197714.3
QOV8B17,2025-04-28,198947.0
QOV8B17,2025-05-01,199620.5
QOV8B17,2025-05-05,199926.3
QOV8B17,2025-05-13,201532.8
QOV8B17,2025-05-16,202200.3
QOV8B17,2025-05-17,202194.4
QOV8B17,2025-05-25,204204.8
QOV8B17,2025-06-08,206803.4
QOV8B17,2025-06-11,207069.7
QOV8B17,2025-06-16,207938.1
QOV8B17,2025-06-17,208168.3
QOV8B17,2025-06-21,208903.5
QOV8B17,2025-06-27,210306.1
QOV8B17,2025-07-08,212349.1
QOV8B17,2025-07-26,215235.5
QOV8B17,2025-07-29,216003.8
QOV8B17,2025-08-01,216275.7
QOV8B17,2025-08-08,217392.2
QOV8B17,2025-08-12,218182.3
QOV8B17,2025-08-13,218378.2
QOV8B17,2025-08-22,219808.4
QOV8B17,2025-09-01,221593.3
QOV8B17,2025-09-06,222419.3
QOV8B17,2025-09-09,223194.9
QOV8B17,2025-09-28,226698.5
QOV8B17,2025-10-08,228536.0
QOV8B17,2025-10-09,228846.6
QOV8B17,2025-10-14,229841.0
QOV8B17,2025-10-19,230327.8
QOV8B17,2025-10-24,230931.3
QOV8B17,2025-11-06,233258.3
QOV8B17,2025-11-14,234630.3
QOV8B17,2025-11-19,235553.6
QOV8B17,2025-11-23,236108.5
QOV8B17,2025-12-16,240006.6
QOV8B17,2025-12-18,240371.8
QOV8B17,2025-12-21,241007.6
QOV8B17,2025-12-23,241550.7
QOV8B17,2025-12-25,242005.3
QOV8B17,2025-12-28,242621.1
QOV8B17,2026-01-07,244519.2
QOV8B17,2026-01-22,246945.6
QOV8B17,2026-03-13,255352.5
QOV8B17,2026-03-15,255599.1
QOV8B17,2026-03-17,256037.3
QOV8B17,2026-03-24,257058.2
QOV8B17,2026-03-26,257219.1
QOV8B17,2026-04-10,259110.2
QOV8B17,2026-04-18,260570.5
QOV8B17,2026-05-05,264106.6
QOV8B17,2026-05-12,264774.6
QOV8B17,2026-05-24,267141.4
QOV8B17,2026-05-29,267690.5
QXL0C81,2024-01-14,135492.6
QXL0C81,2024-01-17,135840.2
QXL0C81,2024-01-19,136138.2
QXL0C81,2024-01-21,136293.6
QXL0C81,2024-01-22,136419.5
QXL0C81,2024-01-26,137031.6
QXL0C81,2024-01-31,137841.7
QXL0C81,2024-02-01,137992.6
QXL0C81,2024-02-13,139510.1
QXL0C81,2024-02-16,140016.2
QXL0C81,2024-03-10,143143.2
QXL0C81,2024-03-15,143861.4
QXL0C81,2024-03-18,144464.4
QXL0C81,2024-03-28,145807.7
QXL0C81,2024-03-29,145992.2
QXL0C81,2024-03-31,145995.5
QXL0C81,2024-04-05,146753.7
QXL0C81,2024-04-18,148783.1
QXL0C81,2024-04-26,149574.9
QXL0C81,2024-04-30,150059.9
QXL0C81,2024-05-02,150391.8
QXL0C81,2024-05-09,151313.8
QXL0C81,2024-05-31,154036.4
QXL0C81,2024-06-11,155366.6
QXL0C81,2024-07-16,160376.4
QXL0C81,2024-07-19,160857.1
QXL0C81,2024-07-24,161447.8
QXL0C81,2024-07-26,161768.9
QXL0C81,2024-08-27,166083.2
QXL0C81,2024-09-05,167503.1
QXL0C81,2024-09-13,168438.6
QXL0C81,2024-09-14,168602.4
QXL0C81,2024-09-15,168825.5
QXL0C81,2024-09-21,169688.6
QXL0C81,2024-10-07,171603.0
QXL0C81,2024-10-15,172991.0
QXL0C81,2024-10-27,174415.4
QXL0C81,2024-11-18,177814.7
QXL0C81,2024-11-20,178179.2
QXL0C81,2024-12-05,180009.1
QXL0C81,2024-12-07,180204.4
QXL0C81,2024-12-13,181116.5
QXL0C81,2024-12-21,182564.3
QXL0C81,2024-12-22,182751.8
QXL0C81,2024-12-28,183703.1
QXL0C81,2024-12-30,184037.6
QXL0C81,2025-01-03,184635.3
QXL0C81,2025-01-09,185471.0
QXL0C81,2025-01-19,186931.8
QXL0C81,2025-01-21,187221.3
QXL0C81,2025-01-23,187624.3
QXL0C81,2025-02-03,189238.0
QXL0C81,2025-03-01,192957.6
QXL0C81,2025-03-05,193646.2
QXL0C81,2025-03-30,197026.3
QXL0C81,2025-03-31,197035.8
QXL0C81,2025-04-04,197627.5
QXL0C81,2025-04-12,198868.5
QXL0C81,2025-04-17,199470.9
QXL0C81,2025-04-24,200503.6
QXL0C81,2025-05-01,201463.4
QXL0C81,2025-05-04,201906.6
QXL0C81,2025-05-24,204534.6
QXL0C81,2025-06-09,206724.5
QXL0C81,2025-06-14,207363.8
QXL0C81,2025-06-21,208420.9
QXL0C81,2025-06-29,209304.1
QXL0C81,2025-07-11,211385.8
QXL0C81,2025-07-14,211706.4
QXL0C81,2025-07-19,212373.4
QXL0C81,2025-08-13,216132.1
QXL0C81,2025-08-29,218246.8
QXL0C81,2025-09-03,218837.8
QXL0C81,2025-09-09,219732.9
QXL0C81,2025-09-16,220938.7
QXL0C81,2025-10-02,223469.1
QXL0C81,2025-10-05,223949.5
QXL0C81,2025-10-08,224371.7
QXL0C81,2025-10-14,225432.0
QXL0C81,2025-10-27,227309.3
QXL0C81,2025-10-29,227593.4
QXL0C81,2025-11-04,228403.3
QXL0C81,2025-11-06,228786.7
QXL0C81,2025-11-16,230565.4
QXL0C81,2025-11-18,230823.7
QXL0C81,2025-11-19,230989.4
QXL0C81,2025-11-22,231472.4
QXL0C81,2025-12-07,233969.4
QXL0C81,2025-12-12,234763.3
QXL0C81,2025-12-31,237375.3
QXL0C81,2026-01-08,238649.4
QXL0C81,2026-01-16,239646.8
QXL0C81,2026-01-24,240920.1
QXL0C81,2026-01-25,241098.7
QXL0C81,2026-01-26,241274.9
QXL0C81,2026-01-28,241523.1
QXL0C81,2026-02-03,242410.9
QXL0C81,2026-02-08,243035.4
QXL0C81,2026-03-04,246441.5
QXL0C81,2026-03-06,246753.1
QXL0C81,2026-03-12,247718.1
QXL0C81,2026-03-22,249062.7
QXL0C81,2026-03-23,249220.0
QXL0C81,2026-03-24,249407.5
QXL0C81,2026-03-25,249571.0
QXL0C81,2026-03-28,249914.6
QXL0C81,2026-04-01,250527.1
QXL0C81,2026-04-04,251020.4
QXL0C81,2026-04-06,251266.2
QXL0C81,2026-04-09,251794.7
QXL0C81,2026-04-10,251784.3
QXL0C81,2026-04-15,252572.2
QXL0C81,2026-04-17,252882.3
QXL0C81,2026-04-23,253856.9
QXL0C81,2026-05-03,255022.0
QXL0C81,2026-05-13,256536.4
QXL0C81,2026-05-29,258936.6
QXL0C81,2026-05-31,259235.2
QXQ9I73,2024-01-22,102184.7
QXQ9I73,2024-01-23,102407.3
QXQ9I73,2024-02-09,106170.3
QXQ9I73,2024-02-15,107312.3
QXQ9I73,2024-02-17,107540.9
QXQ9I73,2024-02-18,107774.2
QXQ9I73,2024-02-22,108704.1
QXQ9I73,2024-02-29,110071.4
QXQ9I73,2024-03-18,113028.2
QXQ9I73,2024-04-06,117575.9
QXQ9I73,2024-04-09,118258.6
QXQ9I73,2024-04-15,119646.5
QXQ9I73,2024-04-18,120458.3
QXQ9I73,2024-05-14,126252.7
QXQ9I73,2024-05-28,129499.9
QXQ9I73,2024-06-02,130476.7
QXQ9I73,2024-06-14,132868.3
QXQ9I73,2024-06-24,135049.7
QXQ9I73,2024-07-05,137915.0
QXQ9I73,2024-07-14,139840.9
QXQ9I73,2024-07-19,140909.4
QXQ9I73,2024-07-21,141082.3
QXQ9I73,2024-07-26,141963.4
QXQ9I73,2024-08-13,145538.8
QXQ9I73,2024-08-20,146994.8
QXQ9I73,2024-08-28,148579.3
QXQ9I73,2024-08-29,148799.7
QXQ9I73,2024-09-13,151909.8
QXQ9I73,2024-09-24,154351.8
QXQ9I73,2024-10-04,156956.1
QXQ9I73,2024-10-07,157693.8
QXQ9I73,2024-10-11,158777.0
QXQ9I73,2024-10-20,161006.7
QXQ9I73,2024-10-24,161793.1
QXQ9I73,2024-10-25,162019.2
QXQ9I73,2024-11-12,166315.1
QXQ9I73,2024-12-21,173711.0
QXQ9I73,2025-01-03,176785.1
QXQ9I73,2025-01-04,176999.4
QXQ9I73,2025-01-14,178939.3
QXQ9I73,2025-01-18,179562.5
QXQ9I73,2025-01-19,179844.3
QXQ9I73,2025-01-20,180133.2
QXQ9I73,2025-01-29,182134.6
QXQ9I73,2025-02-13,185615.6
QXQ9I73,2025-02-16,186389.9
QXQ9I73,2025-02-23,187922.8
QXQ9I73,2025-02-24,187921.0
QXQ9I73,2025-03-11,190854.2
QXQ9I73,2025-03-17,192348.1
QXQ9I73,2025-03-22,193241.7
QXQ9I73,2025-03-26,193735.8
QXQ9I73,2025-04-03,195357.7
QXQ9I73,2025-04-08,196628.6
QXQ9I73,2025-04-13,197574.0
QXQ9I73,2025-04-24,199985.9
QXQ9I73,2025-04-27,200473.2
QXQ9I73,2025-05-02,201480.8
QXQ9I73,2025-05-14,204025.8
QXQ9I73,2025-05-15,204222.2
QXQ9I73,2025-07-03,213153.3
QXQ9I73,2025-07-06,213649.1
QXQ9I73,2025-07-15,215515.0
QXQ9I73,2025-07-26,217753.3
QXQ9I73,2025-07-27,218024.4
QXQ9I73,2025-07-28,218281.9
QXQ9I73,2025-07-31,218716.3
QXQ9I73,2025-08-03,219079.4
QXQ9I73,2025-08-20,222482.7
QXQ9I73,2025-08-28,224257.5
QXQ9I73,2025-09-02,225678.9
QXQ9I73,2025-09-10,227562.7
QXQ9I73,2025-10-05,232158.2
QXQ9I73,2025-10-06,232162.1
QXQ9I73,2025-10-15,233801.5
QXQ9I73,2025-10-17,234226.0
QXQ9I73,2025-10-22,235470.5
QXQ9I73,2025-10-29,236933.0
QXQ9I73,2025-11-19,240210.2
QXQ9I73,2025-11-30,242533.5
QXQ9I73,2025-12-04,243451.8
QXQ9I73,2025-12-09,244660.4
QXQ9I73,2025-12-13,245648.8
QXQ9I73,2025-12-26,248331.3
QXQ9I73,2025-12-27,248543.6
QXQ9I73,2025-12-28,248545.4
QXQ9I73,2025-12-29,248788.3
QXQ9I73,2025-12-31,249325.3
QXQ9I73,2026-01-01,249596.3
QXQ9I73,2026-01-08,251039.2
QXQ9I73,2026-01-10,251549.5
QXQ9I73,2026-01-17,252255.4
QXQ9I73,2026-01-19,252251.8
QXQ9I73,2026-01-22,252777.0
QXQ9I73,2026-01-28,253765.0
QXQ9I73,2026-02-01,254508.3
QXQ9I73,2026-02-02,254776.0
QXQ9I73,2026-02-05,255532.3
QXQ9I73,2026-02-11,256532.7
QXQ9I73,2026-02-13,256991.7
QXQ9I73,2026-02-27,259050.5
QXQ9I73,2026-03-17,262479.6
QXQ9I73,2026-03-19,262904.1
QXQ9I73,2026-03-21,263183.6
QXQ9I73,2026-03-27,264268.2
QXQ9I73,2026-03-31,265014.2
QXQ9I73,2026-04-02,265228.4
QXQ9I73,2026-04-10,266953.4
QXQ9I73,2026-04-11,267178.0
QXQ9I73,2026-04-16,268036.2
QXQ9I73,2026-04-24,269907.1
QXQ9I73,2026-05-06,272537.9
QXQ9I73,2026-05-08,273006.2
QXQ9I73,2026-05-09,273190.7
QXQ9I73,2026-05-14,274011.5
QXQ9I73,2026-05-20,275039.8
QXQ9I73,2026-05-28,276493.2
QXQ9I73,2026-05-31,277135.5
QYR2A72,2024-01-06,63077.1
QYR2A72,2024-01-18,63707.7
QYR2A72,2024-01-22,63811.3
QYR2A72,2024-01-25,63907.0
QYR2A72,2024-02-08,64504.2
QYR2A72,2024-02-14,64784.5
QYR2A72,2024-02-18,64997.3
QYR2A72,2024-02-19,65061.2
QYR2A72,2024-02-29,65516.0
QYR2A72,2024-03-04,65667.2
QYR2A72,2024-03-06,65725.8
QYR2A72,2024-03-12,66009.7
QYR2A72,2024-03-15,66142.4
QYR2A72,2024-03-17,66189.5
QYR2A72,2024-03-20,66321.1
QYR2A72,2024-03-22,66446.8
QYR2A72,2024-03-23,66493.3
QYR2A72,2024-04-02,66973.7
QYR2A72,2024-04-19,67698.3
QYR2A72,2024-05-05,68269.4
QYR2A72,2024-05-11,68577.9
QYR2A72,2024-05-12,68624.4
QYR2A72,2024-05-17,68853.5
QYR2A72,2024-05-20,69006.3
QYR2A72,2024-05-22,69104.8
QYR2A72,2024-05-24,69203.6
QYR2A72,2024-06-05,69783.8
QYR2A72,2024-06-13,70131.1
QYR2A72,2024-06-17,70355.6
QYR2A72,2024-07-01,70807.9
QYR2A72,2024-07-07,70903.3
QYR2A72,2024-07-20,71406.8
QYR2A72,2024-08-01,71959.1
QYR2A72,2024-08-09,72258.8
QYR2A72,2024-08-14,72475.8
QYR2A72,2024-08-16,72514.5
QYR2A72,2024-08-22,72755.0
QYR2A72,2024-09-01,73215.3
QYR2A72,2024-09-07,73491.4
QYR2A72,2024-09-19,73940.2
QYR2A72,2024-09-24,74115.5
QYR2A72,2024-10-01,74426.7
QYR2A72,2024-10-08,74641.3
QYR2A72,2024-10-12,74826.7
QYR2A72,2024-10-29,75498.3
QYR2A72,2024-10-31,75588.8
QYR2A72,2024-11-01,75643.5
QYR2A72,2024-11-03,75747.0
QYR2A72,2024-11-11,76131.7
QYR2A72,2024-11-23,76741.1
QYR2A72,2024-11-25,76859.2
QYR2A72,2024-11-28,77017.5
QYR2A72,2024-12-02,77165.3
QYR2A72,2025-01-06,78584.8
QYR2A72,2025-01-07,78617.1
QYR2A72,2025-01-20,79103.4
QYR2A72,2025-01-31,79527.6
QYR2A72,2025-02-10,79951.5
QYR2A72,2025-02-24,80499.8
QYR2A72,2025-03-02,80692.1
QYR2A72,2025-03-21,81496.4
QYR2A72,2025-03-30,81798.2
QYR2A72,2025-04-07,82165.2
QYR2A72,2025-04-12,82371.2
QYR2A72,2025-05-11,83529.0
QYR2A72,2025-05-13,83516.4
QYR2A72,2025-05-19,83773.0
QYR2A72,2025-05-21,83821.7
QYR2A72,2025-06-12,84734.0
QYR2A72,2025-06-30,85570.8
QYR2A72,2025-07-01,85563.7
QYR2A72,2025-07-03,85607.3
QYR2A72,2025-07-19,86176.3
QYR2A72,2025-08-13,86989.0
QYR2A72,2025-08-23,87234.8
QYR2A72,2025-08-24,87294.6
QYR2A72,2025-09-01,87674.0
QYR2A72,2025-09-04,87804.9
QYR2A72,2025-09-05,87864.1
QYR2A72,2025-10-12,89533.8
QYR2A72,2025-10-17,89593.1
QYR2A72,2025-10-22,89766.5
QYR2A72,2025-11-02,90309.9
QYR2A72,2025-11-10,90655.6
QYR2A72,2025-12-04,91658.6
QYR2A72,2025-12-13,92105.4
QYR2A72,2025-12-20,92321.0
QYR2A72,2026-01-12,93318.8
QYR2A72,2026-01-13,93317.6
QYR2A72,2026-01-24,93760.7
QYR2A72,2026-01-26,93908.4
QYR2A72,2026-01-27,93952.1
QYR2A72,2026-01-31,94157.4
QYR2A72,2026-02-08,94492.6
QYR2A72,2026-02-18,94896.4
QYR2A72,2026-02-22,95000.3
QYR2A72,2026-02-25,95118.8
QYR2A72,2026-03-10,95701.1
QYR2A72,2026-03-22,96251.2
QYR2A72,2026-04-06,96876.0
QYR2A72,2026-04-18,97452.6
QYR2A72,2026-04-21,97494.3
QYR2A72,2026-04-23,97617.9
QYR2A72,2026-05-08,98160.5
QYR2A72,2026-05-12,98340.2
QYR2A72,2026-05-13,98338.4
QYR2A72,2026-05-14,98387.0
RHV6M78,2024-01-02,73854.2
RHV6M78,2024-01-14,74427.8
RHV6M78,2024-01-22,74929.4
RHV6M78,2024-01-28,75217.4
RHV6M78,2024-02-07,75717.5
RHV6M78,2024-02-13,76069.7
RHV6M78,2024-02-14,76134.2
RHV6M78,2024-02-17,76334.5
RHV6M78,2024-02-25,76720.8
RHV6M78,2024-03-02,77020.1
RHV6M78,2024-03-17,77927.5
RHV6M78,2024-04-01,78671.3
RHV6M78,2024-04-26,80124.3
RHV6M78,2024-05-05,80664.1
RHV6M78,2024-05-12,81103.6
RHV6M78,2024-05-17,81380.6
RHV6M78,2024-05-18,81435.4
RHV6M78,2024-05-19,81490.0
RHV6M78,2024-06-14,82955.8
RHV6M78,2024-06-20,83256.9
RHV6M78,2024-07-08,84441.0
RHV6M78,2024-07-09,84520.1
RHV6M78,2024-07-17,84978.7
RHV6M78,2024-07-26,85499.6
RHV6M78,2024-08-10,86324.1
RHV6M78,2024-08-18,86776.9
RHV6M78,2024-08-28,87241.1
RHV6M78,2024-08-30,87386.0
RHV6M78,2024-09-02,87583.7
RHV6M78,2024-09-03,87654.5
RHV6M78,2024-09-11,88077.9
RHV6M78,2024-10-03,89257.8
RHV6M78,2024-10-25,90568.9
RHV6M78,2024-10-26,90617.6
RHV6M78,2024-10-27,90612.6
RHV6M78,2024-10-30,90786.8
RHV6M78,2024-11-08,91357.2
RHV6M78,2024-11-12,91560.3
RHV6M78,2024-11-19,91933.6
RHV6M78,2024-11-21,92061.4
RHV6M78,2024-11-30,92628.0
RHV6M78,2024-12-30,94304.6
RHV6M78,2025-01-01,94428.3
RHV6M78,2025-01-03,94570.6
RHV6M78,2025-01-08,94772.9
RHV6M78,2025-01-09,94838.6
RHV6M78,2025-01-18,95467.4
RHV6M78,2025-01-23,95796.3
RHV6M78,2025-02-02,96369.3
RHV6M78,2025-02-03,96407.9
RHV6M78,2025-02-08,96667.5
RHV6M78,2025-02-16,97039.8
RHV6M78,2025-02-24,97481.1
RHV6M78,2025-02-27,97690.6
RHV6M78,2025-03-04,97930.4
RHV6M78,2025-03-06,98084.7
RHV6M78,2025-03-07,98159.9
RHV6M78,2025-03-10,98273.8
RHV6M78,2025-03-12,98348.8
RHV6M78,2025-04-12,100013.1
RHV6M78,2025-04-15,100207.7
RHV6M78,2025-04-16,100210.0
RHV6M78,2025-04-17,100268.4
RHV6M78,2025-04-18,100347.2
RHV6M78,2025-04-19,100397.1
RHV6M78,2025-04-23,100643.2
RHV6M78,2025-04-27,100859.5
RHV6M78,2025-04-29,100982.9
RHV6M78,2025-05-02,101168.8
RHV6M78,2025-05-04,101302.1
RHV6M78,2025-05-07,101401.6
RHV6M78,2025-05-12,101676.5
RHV6M78,2025-05-13,101760.6
RHV6M78,2025-05-16,101915.3
RHV6M78,2025-05-19,102105.7
RHV6M78,2025-05-24,102367.0
RHV6M78,2025-05-29,102664.4
RHV6M78,2025-06-01,102734.1
RHV6M78,2025-06-06,102997.2
RHV6M78,2025-06-20,103611.7
RHV6M78,2025-06-30,104149.8
RHV6M78,2025-07-03,104350.6
RHV6M78,2025-07-04,104433.0
RHV6M78,2025-07-13,105049.1
RHV6M78,2025-07-20,105368.2
RHV6M78,2025-07-21,105418.7
RHV6M78,2025-08-02,106096.7
RHV6M78,2025-08-10,106482.2
RHV6M78,2025-08-12,106603.2
RHV6M78,2025-08-18,106841.6
RHV6M78,2025-08-27,107436.3
RHV6M78,2025-09-06,108056.2
RHV6M78,2025-09-15,108388.7
RHV6M78,2025-09-20,108728.9
RHV6M78,2025-09-23,108835.1
RHV6M78,2025-10-03,109414.5
RHV6M78,2025-10-08,109678.8
RHV6M78,2025-10-10,109802.4
RHV6M78,2025-10-27,110698.2
RHV6M78,2025-11-03,111115.5
RHV6M78,2025-11-16,111879.3
RHV6M78,2025-11-27,112542.4
RHV6M78,2025-11-28,112612.6
RHV6M78,2025-11-30,112682.2
RHV6M78,2025-12-06,113125.9
RHV6M78,2025-12-14,113575.9
RHV6M78,2025-12-15,113631.7
RHV6M78,2025-12-26,114251.9
RHV6M78,2026-01-01,114636.1
RHV6M78,2026-01-02,114632.6
RHV6M78,2026-01-04,114767.0
RHV6M78,2026-01-11,115175.3
RHV6M78,2026-01-15,115333.8
RHV6M78,2026-02-01,116404.1
RHV6M78,2026-02-04,116578.1
RHV6M78,2026-02-06,116694.2
RHV6M78,2026-02-13,117127.4
RHV6M78,2026-02-27,117885.4
RHV6M78,2026-03-14,118708.4
RHV6M78,2026-03-15,118782.5
RHV6M78,2026-03-16,118782.3
RHV6M78,2026-03-24,119173.2
RHV6M78,2026-04-01,119672.9
RHV6M78,2026-04-18,120645.3
RHV6M78,2026-04-20,120773.6
RHV6M78,2026-04-25,121114.0
RHV6M78,2026-05-06,121721.0
RHV6M78,2026-05-11,122063.3
RHV6M78,2026-05-18,122488.1
RHV6M78,2026-05-24,122722.0
RIF0J33,2024-01-02,72990.1
RIF0J33,2024-01-11,75440.6
RIF0J33,2024-01-21,77718.8
RIF0J33,2024-02-11,81639.0
RIF0J33,2024-02-15,82837.1
RIF0J33,2024-03-07,86968.8
RIF0J33,2024-03-09,87577.8
RIF0J33,2024-04-01,93018.0
RIF0J33,2024-04-07,94045.0
RIF0J33,2024-04-17,96798.7
RIF0J33,2024-04-28,99256.9
RIF0J33,2024-05-11,102618.3
RIF0J33,2024-05-17,103973.0
RIF0J33,2024-05-21,104319.3
RIF0J33,2024-05-27,105506.1
RIF0J33,2024-05-29,105832.6
RIF0J33,2024-06-13,109109.9
RIF0J33,2024-06-16,109844.2
RIF0J33,2024-06-17,110118.3
RIF0J33,2024-06-23,111450.1
RIF0J33,2024-06-29,112222.3
RIF0J33,2024-07-11,114643.4
RIF0J33,2024-07-12,114885.5
RIF0J33,2024-07-15,115575.3
RIF0J33,2024-07-26,117599.6
RIF0J33,2024-07-28,118092.8
RIF0J33,2024-08-05,119510.3
RIF0J33,2024-08-21,123531.0
RIF0J33,2024-08-29,125167.3
RIF0J33,2024-08-31,125712.2
RIF0J33,2024-09-11,127929.5
RIF0J33,2024-09-19,129836.2
RIF0J33,2024-10-07,133322.5
RIF0J33,2024-10-11,133899.3
RIF0J33,2024-10-14,134437.9
RIF0J33,2024-11-03,138919.7
RIF0J33,2024-11-12,140913.9
RIF0J33,2024-11-27,143989.5
RIF0J33,2024-12-15,146709.9
RIF0J33,2024-12-17,146942.8
RIF0J33,2024-12-20,147423.1
RIF0J33,2024-12-21,147678.4
RIF0J33,2024-12-23,147954.4
RIF0J33,2025-01-02,149430.2
RIF0J33,2025-01-10,151116.4
RIF0J33,2025-01-23,154126.9
RIF0J33,2025-01-27,155015.0
RIF0J33,2025-01-31,155975.8
RIF0J33,2025-02-05,156841.7
RIF0J33,2025-02-09,157634.5
RIF0J33,2025-02-10,157896.0
RIF0J33,2025-02-12,158517.2
RIF0J33,2025-02-19,160009.1
RIF0J33,2025-03-04,162342.1
RIF0J33,2025-04-21,173301.4
RIF0J33,2025-05-05,176015.3
RIF0J33,2025-05-10,176983.5
RIF0J33,2025-05-12,177305.5
RIF0J33,2025-05-27,179979.4
RIF0J33,2025-06-17,183685.4
RIF0J33,2025-06-21,184138.6
RIF0J33,2025-06-24,184988.4
RIF0J33,2025-07-12,189036.0
RIF0J33,2025-07-21,190858.6
RIF0J33,2025-07-22,191055.3
RIF0J33,2025-07-23,191371.2
RIF0J33,2025-08-01,193207.0
RIF0J33,2025-08-04,193773.8
RIF0J33,2025-08-08,194234.1
RIF0J33,2025-08-14,195464.6
RIF0J33,2025-08-18,196173.7
RIF0J33,2025-08-24,197439.3
RIF0J33,2025-09-05,200029.0
RIF0J33,2025-09-08,200871.5
RIF0J33,2025-10-03,205578.3
RIF0J33,2025-10-15,207469.5
RIF0J33,2025-10-16,207699.5
RIF0J33,2025-10-20,208480.6
RIF0J33,2025-11-01,210794.3
RIF0J33,2025-11-08,212112.4
RIF0J33,2025-11-16,213916.0
RIF0J33,2025-11-27,216565.2
RIF0J33,2025-12-04,218282.0
RIF0J33,2025-12-05,218472.4
RIF0J33,2025-12-09,219307.1
RIF0J33,2025-12-28,223635.2
RIF0J33,2026-01-17,227856.8
RIF0J33,2026-01-22,228774.1
RIF0J33,2026-01-27,229892.5
RIF0J33,2026-02-04,231307.6
RIF0J33,2026-02-09,232556.8
RIF0J33,2026-02-17,234088.5
RIF0J33,2026-03-02,236514.6
RIF0J33,2026-04-08,244772.2
RIF0J33,2026-04-15,246279.0
RIF0J33,2026-04-16,246281.4
RIF0J33,2026-04-17,246528.8
RIF0J33,2026-04-20,247335.0
RIF0J33,2026-04-24,247924.0
RIF0J33,2026-05-07,250455.6
RIF0J33,2026-05-11,251426.2
RIF0J33,2026-05-27,255096.0
SBK4I44,2024-01-04,25362.6
SBK4I44,2024-01-19,28197.2
SBK4I44,2024-01-21,28670.2
SBK4I44,2024-01-24,29274.3
SBK4I44,2024-01-25,29461.7
SBK4I44,2024-02-05,31555.2
SBK4I44,2024-02-09,32330.4
SBK4I44,2024-02-12,32977.0
SBK4I44,2024-02-14,33355.3
SBK4I44,2024-02-20,34494.7
SBK4I44,2024-02-21,34773.7
SBK4I44,2024-03-05,37364.9
SBK4I44,2024-03-06,37366.8
SBK4I44,2024-03-14,38888.3
SBK4I44,2024-03-22,40580.4
SBK4I44,2024-03-25,41164.8
SBK4I44,2024-03-26,41401.0
SBK4I44,2024-03-31,42217.2
SBK4I44,2024-04-05,43347.5
SBK4I44,2024-04-08,44002.5
SBK4I44,2024-04-19,46542.8
SBK4I44,2024-04-22,47171.8
SBK4I44,2024-05-03,49430.5
SBK4I44,2024-05-05,49662.5
SBK4I44,2024-05-07,50031.7
SBK4I44,2024-05-13,51190.1
SBK4I44,2024-05-21,52683.5
SBK4I44,2024-05-22,52908.0
SBK4I44,2024-05-28,54177.0
SBK4I44,2024-06-05,55628.1
SBK4I44,2024-06-13,57384.1
SBK4I44,2024-07-01,60524.6
SBK4I44,2024-07-04,61208.0
SBK4I44,2024-07-06,61639.0
SBK4I44,2024-07-14,63209.9
SBK4I44,2024-07-27,65289.8
SBK4I44,2024-08-01,66203.9
SBK4I44,2024-08-02,66397.1
SBK4I44,2024-08-05,66976.6
SBK4I44,2024-08-10,67960.2
SBK4I44,2024-08-22,70210.2
SBK4I44,2024-08-30,71679.3
SBK4I44,2024-09-06,72763.2
SBK4I44,2024-09-11,73654.8
SBK4I44,2024-10-16,80070.9
SBK4I44,2024-10-20,80616.3
SBK4I44,2024-10-23,81215.3
SBK4I44,2024-10-31,82577.2
SBK4I44,2024-11-05,83428.3
SBK4I44,2024-11-08,83978.6
SBK4I44,2024-11-30,88269.0
SBK4I44,2024-12-20,92311.3
SBK4I44,2025-01-04,95185.1
SBK4I44,2025-01-05,95382.3
SBK4I44,2025-01-17,97322.5
SBK4I44,2025-01-18,97505.1
SBK4I44,2025-01-21,98115.3
SBK4I44,2025-01-25,98833.2
SBK4I44,2025-02-01,100159.0
SBK4I44,2025-02-03,100573.1
SBK4I44,2025-02-14,102736.2
SBK4I44,2025-02-26,105090.1
SBK4I44,2025-03-09,107226.7
SBK4I44,2025-03-14,108146.1
SBK4I44,2025-03-16,108536.1
SBK4I44,2025-03-17,108765.7
SBK4I44,2025-03-19,108938.8
SBK4I44,2025-03-24,109854.9
SBK4I44,2025-04-03,111634.8
SBK4I44,2025-04-06,112316.6
SBK4I44,2025-04-12,113516.7
SBK4I44,2025-04-13,113814.4
SBK4I44,2025-04-15,114248.8
SBK4I44,2025-04-16,114487.4
SBK4I44,2025-04-21,115342.3
SBK4I44,2025-05-06,118545.7
SBK4I44,2025-05-16,120366.4
SBK4I44,2025-05-26,121918.8
SBK4I44,2025-05-28,122137.9
SBK4I44,2025-06-18,126377.2
SBK4I44,2025-06-24,127611.1
SBK4I44,2025-06-26,127808.8
SBK4I44,2025-07-10,130474.3
SBK4I44,2025-07-15,131309.7
SBK4I44,2025-07-17,131785.3
SBK4I44,2025-07-21,132311.7
SBK4I44,2025-07-24,132692.8
SBK4I44,2025-08-04,134331.8
SBK4I44,2025-08-19,137117.5
SBK4I44,2025-08-21,137618.6
SBK4I44,2025-09-06,140722.5
SBK4I44,2025-09-07,140898.3
SBK4I44,2025-09-16,143135.2
SBK4I44,2025-09-17,143316.9
SBK4I44,2025-09-23,144638.6
SBK4I44,2025-10-02,146142.8
SBK4I44,2025-10-06,146908.9
SBK4I44,2025-10-23,149603.4
SBK4I44,2025-10-29,150696.2
SBK4I44,2025-11-08,152322.8
SBK4I44,2025-11-09,152511.8
SBK4I44,2025-11-25,154682.4
SBK4I44,2025-11-27,154957.6
SBK4I44,2025-12-09,157339.8
SBK4I44,2025-12-17,158678.9
SBK4I44,2025-12-25,160264.0
SBK4I44,2025-12-30,161353.2
SBK4I44,2026-01-08,162885.4
SBK4I44,2026-01-12,163535.2
SBK4I44,2026-01-20,165130.5
SBK4I44,2026-01-21,165351.7
SBK4I44,2026-01-25,166166.8
SBK4I44,2026-02-02,167464.5
SBK4I44,2026-02-03,167697.3
SBK4I44,2026-02-12,169292.3
SBK4I44,2026-02-21,171213.1
SBK4I44,2026-03-08,174402.6
SBK4I44,2026-03-27,178212.6
SBK4I44,2026-04-20,182860.0
SBK4I44,2026-05-08,186613.3
SBK4I44,2026-05-26,190128.4
SIC6N84,2024-01-01,169714.4
SIC6N84,2024-01-06,170181.0
SIC6N84,2024-01-12,170641.1
SIC6N84,2024-02-10,173273.0
SIC6N84,2024-02-12,173486.7
SIC6N84,2024-02-25,175056.2
SIC6N84,2024-02-27,175171.4
SIC6N84,2024-03-02,175615.5
SIC6N84,2024-03-05,175840.5
SIC6N84,2024-03-13,176503.4
SIC6N84,2024-03-15,176748.1
SIC6N84,2024-03-18,176958.4
SIC6N84,2024-03-26,177519.2
SIC6N84,2024-03-27,177531.4
SIC6N84,2024-03-30,177733.8
SIC6N84,2024-04-07,178472.4
SIC6N84,2024-04-12,178914.0
SIC6N84,2024-05-02,180924.2
SIC6N84,2024-05-06,181258.7
SIC6N84,2024-05-11,181756.0
SIC6N84,2024-05-16,182352.9
SIC6N84,2024-05-18,182557.4
SIC6N84,2024-05-19,182686.0
SIC6N84,2024-05-29,183813.0
SIC6N84,2024-06-01,183930.3
SIC6N84,2024-07-01,187177.3
SIC6N84,2024-07-02,187286.4
SIC6N84,2024-07-25,189292.8
SIC6N84,2024-07-30,189770.4
SIC6N84,2024-07-31,189775.8
SIC6N84,2024-08-08,190344.7
SIC6N84,2024-08-15,191032.8
SIC6N84,2024-09-04,193235.4
SIC6N84,2024-09-07,193576.9
SIC6N84,2024-09-17,194081.7
SIC6N84,2024-09-23,194532.0
SIC6N84,2024-10-02,195436.2
SIC6N84,2024-10-06,195902.3
SIC6N84,2024-10-16,196920.4
SIC6N84,2024-10-20,197241.3
SIC6N84,2024-10-25,197701.8
SIC6N84,2024-11-01,198575.1
SIC6N84,2024-11-09,199430.6
SIC6N84,2024-11-11,199675.8
SIC6N84,2024-11-13,199899.2
SIC6N84,2024-11-26,200943.6
SIC6N84,2024-11-30,201312.0
SIC6N84,2024-12-09,202324.1
SIC6N84,2024-12-15,202572.3
SIC6N84,2024-12-20,203015.1
SIC6N84,2024-12-26,203573.0
SIC6N84,2024-12-28,203814.3
SIC6N84,2025-01-26,206371.3
SIC6N84,2025-01-27,206373.7
SIC6N84,2025-01-31,206709.2
SIC6N84,2025-02-03,206939.3
SIC6N84,2025-02-04,207046.1
SIC6N84,2025-02-07,207399.5
SIC6N84,2025-02-16,207865.3
SIC6N84,2025-03-06,209508.2
SIC6N84,2025-03-09,209869.8
SIC6N84,2025-03-28,211462.2
SIC6N84,2025-04-01,211918.0
SIC6N84,2025-04-16,213290.3
SIC6N84,2025-04-17,213416.2
SIC6N84,2025-04-22,213891.5
SIC6N84,2025-04-23,214026.5
SIC6N84,2025-05-18,216373.2
SIC6N84,2025-05-20,216608.4
SIC6N84,2025-05-27,217390.4
SIC6N84,2025-05-30,217748.9
SIC6N84,2025-06-10,218851.5
SIC6N84,2025-06-21,219675.5
SIC6N84,2025-06-30,220617.8
SIC6N84,2025-07-05,220948.0
SIC6N84,2025-07-07,221184.0
SIC6N84,2025-07-09,221421.4
SIC6N84,2025-07-19,222300.7
SIC6N84,2025-08-13,224513.9
SIC6N84,2025-08-20,225210.5
SIC6N84,2025-08-24,225572.2
SIC6N84,2025-08-28,225918.3
SIC6N84,2025-09-02,226356.7
SIC6N84,2025-09-08,226915.2
SIC6N84,2025-09-10,227155.4
SIC6N84,2025-09-21,228096.4
SIC6N84,2025-10-11,229886.5
SIC6N84,2025-10-13,229990.7
SIC6N84,2025-10-16,230328.8
SIC6N84,2025-10-29,231642.4
SIC6N84,2025-11-07,232606.9
SIC6N84,2025-11-11,232703.0
SIC6N84,2025-11-16,233033.7
SIC6N84,2025-11-20,233385.5
SIC6N84,2025-11-23,233723.4
SIC6N84,2025-11-29,233841.8
SIC6N84,2025-12-04,234076.4
SIC6N84,2025-12-05,234086.0
SIC6N84,2025-12-12,234317.2
SIC6N84,2025-12-17,234682.7
SIC6N84,2025-12-18,234669.2
SIC6N84,2025-12-24,235127.0
SIC6N84,2025-12-27,235349.7
SIC6N84,2025-12-28,235479.1
SIC6N84,2025-12-31,235851.3
SIC6N84,2026-01-20,237449.5
SIC6N84,2026-02-04,238797.9
SIC6N84,2026-02-12,239605.3
SIC6N84,2026-02-20,240304.0
SIC6N84,2026-02-21,240408.1
SIC6N84,2026-02-23,240638.5
SIC6N84,2026-02-28,241087.1
SIC6N84,2026-03-02,241297.3
SIC6N84,2026-03-03,241398.7
SIC6N84,2026-03-04,241393.7
SIC6N84,2026-03-08,241639.3
SIC6N84,2026-03-09,241761.3
SIC6N84,2026-03-11,242009.4
SIC6N84,2026-03-15,242420.9
SIC6N84,2026-03-16,242541.3
SIC6N84,2026-03-17,242654.0
SIC6N84,2026-03-22,243018.2
SIC6N84,2026-04-01,243733.2
SIC6N84,2026-04-23,245579.7
SIC6N84,2026-05-16,247550.6
SIC6N84,2026-05-17,247687.2
SIC6N84,2026-05-19,247882.3
SKG2A67,2024-01-02,172020.5
SKG2A67,2024-01-04,172220.9
SKG2A67,2024-01-05,172244.0
SKG2A67,2024-01-07,172722.4
SKG2A67,2024-01-08,172931.2
SKG2A67,2024-01-17,174890.4
SKG2A67,2024-01-22,175843.2
SKG2A67,2024-02-10,179873.3
SKG2A67,2024-02-13,180547.4
SKG2A67,2024-02-23,182287.2
SKG2A67,2024-02-24,182494.7
SKG2A67,2024-02-27,183184.3
SKG2A67,2024-03-02,184082.3
SKG2A67,2024-03-14,186606.7
SKG2A67,2024-04-06,191088.6
SKG2A67,2024-04-08,191544.7
SKG2A67,2024-04-09,191799.2
SKG2A67,2024-04-14,193107.2
SKG2A67,2024-04-29,196321.5
SKG2A67,2024-05-02,197047.4
SKG2A67,2024-05-08,198443.9
SKG2A67,2024-05-20,201084.1
SKG2A67,2024-05-25,202100.3
SKG2A67,2024-07-02,210214.7
SKG2A67,2024-07-28,215175.5
SKG2A67,2024-08-07,217373.3
SKG2A67,2024-08-08,217618.5
SKG2A67,2024-08-10,217618.6
SKG2A67,2024-08-12,217796.9
SKG2A67,2024-09-05,223479.9
SKG2A67,2024-09-06,223481.1
SKG2A67,2024-09-07,223711.4
SKG2A67,2024-09-13,224846.5
SKG2A67,2024-09-16,225422.5
SKG2A67,2024-10-11,230918.6
SKG2A67,2024-10-14,231397.1
SKG2A67,2024-10-18,231906.5
SKG2A67,2024-10-19,232088.4
SKG2A67,2024-10-23,232518.6
SKG2A67,2024-11-01,234657.2
SKG2A67,2024-11-25,238768.2
SKG2A67,2024-11-26,238757.7
SKG2A67,2024-12-03,240321.0
SKG2A67,2024-12-04,240570.3
SKG2A67,2024-12-07,241005.5
SKG2A67,2024-12-17,243216.8
SKG2A67,2024-12-20,243757.4
SKG2A67,2024-12-25,244731.0
SKG2A67,2024-12-29,245689.3
SKG2A67,2024-12-30,245966.6
SKG2A67,2025-01-03,246701.2
SKG2A67,2025-01-06,247376.4
SKG2A67,2025-01-08,247878.3
SKG2A67,2025-01-25,251560.8
SKG2A67,2025-01-29,252537.2
SKG2A67,2025-02-02,252981.4
SKG2A67,2025-02-03,253252.7
SKG2A67,2025-02-05,253881.2
SKG2A67,2025-02-11,255138.1
SKG2A67,2025-02-14,255864.6
SKG2A67,2025-02-19,257112.0
SKG2A67,2025-02-23,258043.0
SKG2A67,2025-03-11,261183.6
SKG2A67,2025-03-17,262585.7
SKG2A67,2025-04-07,266529.6
SKG2A67,2025-04-10,267238.9
SKG2A67,2025-04-19,269189.3
SKG2A67,2025-04-23,269939.8
SKG2A67,2025-05-07,273126.5
SKG2A67,2025-05-10,273835.2
SKG2A67,2025-05-13,274063.3
SKG2A67,2025-05-16,274740.8
SKG2A67,2025-05-18,275322.4
SKG2A67,2025-05-22,276079.1
SKG2A67,2025-05-26,277027.4
SKG2A67,2025-06-02,278587.6
SKG2A67,2025-06-05,279352.5
SKG2A67,2025-06-15,281379.4
SKG2A67,2025-06-22,282675.6
SKG2A67,2025-06-27,283401.9
SKG2A67,2025-07-01,284303.6
SKG2A67,2025-07-16,287654.0
SKG2A67,2025-08-10,292116.8
SKG2A67,2025-08-30,296337.1
SKG2A67,2025-08-31,296620.2
SKG2A67,2025-09-02,297163.9
SKG2A67,2025-09-11,299004.6
SKG2A67,2025-09-17,300551.0
SKG2A67,2025-09-18,300773.5
SKG2A67,2025-09-20,301208.7
SKG2A67,2025-09-26,302627.3
SKG2A67,2025-09-29,303325.5
SKG2A67,2025-10-16,307228.9
SKG2A67,2025-10-20,308294.9
SKG2A67,2025-10-22,308777.5
SKG2A67,2025-10-27,310047.8
SKG2A67,2025-11-02,311227.8
SKG2A67,2025-11-13,314065.1
SKG2A67,2025-11-19,315216.1
SKG2A67,2025-11-26,316342.0
SKG2A67,2025-11-29,316833.9
SKG2A67,2025-11-30,316843.4
SKG2A67,2025-12-17,320383.9
SKG2A67,2025-12-21,320949.0
SKG2A67,2025-12-23,321517.0
SKG2A67,2026-01-15,326659.5
SKG2A67,2026-01-23,328063.3
SKG2A67,2026-01-24,328296.2
SKG2A67,2026-01-26,328746.7
SKG2A67,2026-01-30,329812.7
SKG2A67,2026-01-31,330035.6
SKG2A67,2026-02-12,332329.5
SKG2A67,2026-02-14,332840.4
SKG2A67,2026-03-09,337421.7
SKG2A67,2026-03-11,337929.9
SKG2A67,2026-03-17,339232.3
SKG2A67,2026-03-19,339448.2
SKG2A67,2026-04-14,345656.8
SKG2A67,2026-04-18,346364.8
SKG2A67,2026-04-23,347469.9
SKG2A67,2026-04-25,347888.0
SKG2A67,2026-05-06,349527.9
SKG2A67,2026-05-13,351169.7
SKG2A67,2026-05-21,352991.4
SKG2A67,2026-05-24,353441.8
SKG2A67,2026-05-26,353962.4
SKG2A67,2026-05-30,354917.3
UGZ2E31,2024-01-06,9323.0
UGZ2E31,2024-01-09,9609.5
UGZ2E31,2024-01-19,10443.1
UGZ2E31,2024-01-25,10996.7
UGZ2E31,2024-02-03,11725.3
UGZ2E31,2024-02-09,12082.6
UGZ2E31,2024-02-12,12198.0
UGZ2E31,2024-02-16,12485.6
UGZ2E31,2024-02-19,12646.3
UGZ2E31,2024-02-21,12749.2
UGZ2E31,2024-02-29,13422.8
UGZ2E31,2024-03-25,15496.7
UGZ2E31,2024-04-29,18080.9
UGZ2E31,2024-05-01,18251.0
UGZ2E31,2024-05-31,20569.0
UGZ2E31,2024-06-15,21892.8
UGZ2E31,2024-06-30,22997.0
UGZ2E31,2024-07-02,23178.6
UGZ2E31,2024-07-08,23658.4
UGZ2E31,2024-07-11,23925.7
UGZ2E31,2024-07-16,24406.1
UGZ2E31,2024-07-24,25108.0
UGZ2E31,2024-07-28,25297.9
UGZ2E31,2024-07-29,25380.3
UGZ2E31,2024-08-03,25664.7
UGZ2E31,2024-08-12,26411.2
UGZ2E31,2024-08-19,27026.0
UGZ2E31,2024-08-29,27872.0
UGZ2E31,2024-09-02,28247.4
UGZ2E31,2024-09-08,28687.5
UGZ2E31,2024-09-30,30308.8
UGZ2E31,2024-10-01,30418.5
UGZ2E31,2024-10-09,30789.9
UGZ2E31,2024-10-18,31458.8
UGZ2E31,2024-10-20,31654.3
UGZ2E31,2024-10-29,32427.3
UGZ2E31,2024-10-30,32416.2
UGZ2E31,2024-11-02,32607.2
UGZ2E31,2024-11-03,32709.5
UGZ2E31,2024-11-22,34095.1
UGZ2E31,2024-12-04,35086.2
UGZ2E31,2024-12-06,35195.8
UGZ2E31,2024-12-16,36043.5
UGZ2E31,2024-12-29,37055.6
UGZ2E31,2025-01-09,37805.6
UGZ2E31,2025-01-17,38529.3
UGZ2E31,2025-01-28,39470.7
UGZ2E31,2025-02-21,41209.4
UGZ2E31,2025-02-22,41214.0
UGZ2E31,2025-02-28,41585.8
UGZ2E31,2025-03-20,43054.8
UGZ2E31,2025-04-07,44567.6
UGZ2E31,2025-04-09,44742.7
UGZ2E31,2025-04-10,44747.4
UGZ2E31,2025-04-15,44938.5
UGZ2E31,2025-04-23,45694.6
UGZ2E31,2025-05-03,46351.9
UGZ2E31,2025-05-13,47094.4
UGZ2E31,2025-05-15,47173.7
UGZ2E31,2025-05-21,47721.7
UGZ2E31,2025-06-07,49142.7
UGZ2E31,2025-06-19,50076.8
UGZ2E31,2025-06-27,50857.3
UGZ2E31,2025-07-04,51220.8
UGZ2E31,2025-07-15,51697.8
UGZ2E31,2025-07-16,51802.4
UGZ2E31,2025-07-25,52553.8
UGZ2E31,2025-08-03,53212.4
UGZ2E31,2025-09-04,55693.9
UGZ2E31,2025-09-15,56652.6
UGZ2E31,2025-09-24,57409.2
UGZ2E31,2025-09-26,57601.7
UGZ2E31,2025-09-29,57809.5
UGZ2E31,2025-10-11,58564.1
UGZ2E31,2025-10-20,59054.7
UGZ2E31,2025-11-04,59887.1
UGZ2E31,2025-11-13,60738.1
UGZ2E31,2025-11-29,61993.0
UGZ2E31,2025-12-02,62165.1
UGZ2E31,2025-12-04,62362.8
UGZ2E31,2025-12-05,62451.6
UGZ2E31,2025-12-16,63298.9
UGZ2E31,2025-12-17,63398.3
UGZ2E31,2025-12-18,63491.3
UGZ2E31,2025-12-21,63660.1
UGZ2E31,2025-12-23,63862.7
UGZ2E31,2025-12-30,64532.6
UGZ2E31,2026-01-01,64727.6
UGZ2E31,2026-01-13,65603.8
UGZ2E31,2026-01-15,65784.4
UGZ2E31,2026-01-17,65976.8
UGZ2E31,2026-01-28,66846.3
UGZ2E31,2026-01-31,67039.1
UGZ2E31,2026-02-15,68335.7
UGZ2E31,2026-02-21,68741.1
UGZ2E31,2026-02-26,69007.0
UGZ2E31,2026-03-02,69260.6
UGZ2E31,2026-03-05,69458.6
UGZ2E31,2026-03-18,70290.4
UGZ2E31,2026-03-22,70585.7
UGZ2E31,2026-04-09,72132.2
UGZ2E31,2026-04-10,72210.6
UGZ2E31,2026-04-19,72880.7
UGZ2E31,2026-04-24,73261.6
UGZ2E31,2026-04-28,73580.7
UGZ2E31,2026-05-03,74065.8
UGZ2E31,2026-05-07,74439.7
UGZ2E31,2026-05-10,74612.1
UGZ2E31,2026-05-13,74885.1
UGZ2E31,2026-05-17,75272.4
UGZ2E31,2026-05-23,75833.8
USZ0H17,2024-01-02,176899.0
USZ0H17,2024-01-05,177304.2
USZ0H17,2024-01-14,178618.0
USZ0H17,2024-01-21,179817.4
USZ0H17,2024-01-28,180942.7
USZ0H17,2024-02-10,182561.8
USZ0H17,2024-02-12,182753.0
USZ0H17,2024-02-21,184261.7
USZ0H17,2024-02-25,184872.0
USZ0H17,2024-02-27,185247.6
USZ0H17,2024-03-09,187060.5
USZ0H17,2024-03-19,188495.9
USZ0H17,2024-04-06,191167.8
USZ0H17,2024-04-07,191287.6
USZ0H17,2024-04-17,192442.0
USZ0H17,2024-04-19,192745.2
USZ0H17,2024-05-19,197624.5
USZ0H17,2024-05-27,199014.4
USZ0H17,2024-06-04,200288.4
USZ0H17,2024-06-06,200650.2
USZ0H17,2024-06-07,200831.9
USZ0H17,2024-06-20,202848.9
USZ0H17,2024-07-01,204453.6
USZ0H17,2024-07-02,204446.3
USZ0H17,2024-07-05,204914.2
USZ0H17,2024-07-10,205653.3
USZ0H17,2024-07-13,206158.5
USZ0H17,2024-07-14,206304.3
USZ0H17,2024-07-31,208863.1
USZ0H17,2024-08-09,210120.8
USZ0H17,2024-08-11,210433.7
USZ0H17,2024-08-14,210957.8
USZ0H17,2024-08-18,211687.2
USZ0H17,2024-08-19,211885.1
USZ0H17,2024-08-25,212607.2
USZ0H17,2024-08-26,212799.6
USZ0H17,2024-09-08,214475.7
USZ0H17,2024-10-06,219134.8
USZ0H17,2024-10-11,219999.6
USZ0H17,2024-10-19,221042.9
USZ0H17,2024-10-26,222208.7
USZ0H17,2024-11-15,224986.4
USZ0H17,2024-11-24,226472.7
USZ0H17,2024-11-29,226981.3
USZ0H17,2024-11-30,226983.2
USZ0H17,2024-12-06,228067.2
USZ0H17,2024-12-08,228406.4
USZ0H17,2024-12-14,229368.0
USZ0H17,2024-12-19,230065.5
USZ0H17,2024-12-29,231591.8
USZ0H17,2024-12-31,231710.3
USZ0H17,2025-01-06,232393.8
USZ0H17,2025-01-18,234139.2
USZ0H17,2025-01-19,234305.9
USZ0H17,2025-01-26,235348.4
USZ0H17,2025-02-01,236362.5
USZ0H17,2025-02-02,236360.5
USZ0H17,2025-02-08,237220.3
USZ0H17,2025-02-12,237767.9
USZ0H17,2025-02-19,238590.2
USZ0H17,2025-02-23,239303.8
USZ0H17,2025-02-25,239503.2
USZ0H17,2025-02-26,239509.2
USZ0H17,2025-03-06,240869.5
USZ0H17,2025-03-18,242721.9
USZ0H17,2025-03-20,243061.2
USZ0H17,2025-04-13,246498.6
USZ0H17,2025-05-01,249223.1
USZ0H17,2025-05-11,250568.0
USZ0H17,2025-05-22,252279.0
USZ0H17,2025-05-26,253043.5
USZ0H17,2025-05-28,253206.1
USZ0H17,2025-05-29,253355.5
USZ0H17,2025-06-01,253906.6
USZ0H17,2025-06-04,254223.9
USZ0H17,2025-06-06,254487.6
USZ0H17,2025-06-19,256330.4
USZ0H17,2025-07-03,258469.3
USZ0H17,2025-07-09,259191.3
USZ0H17,2025-07-15,260113.1
USZ0H17,2025-07-20,260917.2
USZ0H17,2025-08-01,262862.6
USZ0H17,2025-08-11,264459.2
USZ0H17,2025-08-18,265488.1
USZ0H17,2025-08-20,265836.5
USZ0H17,2025-08-21,266020.8
USZ0H17,2025-08-24,266511.2
USZ0H17,2025-09-01,267473.0
USZ0H17,2025-09-13,269472.8
USZ0H17,2025-09-17,269999.8
USZ0H17,2025-10-04,272168.9
USZ0H17,2025-10-17,274155.8
USZ0H17,2025-10-23,275126.5
USZ0H17,2025-11-02,276633.5
USZ0H17,2025-11-04,276920.8
USZ0H17,2025-11-06,277230.4
USZ0H17,2025-11-08,277385.6
USZ0H17,2025-11-20,279161.3
USZ0H17,2025-11-25,279933.7
USZ0H17,2025-12-08,281559.2
USZ0H17,2025-12-11,281863.6
USZ0H17,2025-12-16,282762.5
USZ0H17,2025-12-24,284096.3
USZ0H17,2025-12-31,285424.7
USZ0H17,2026-01-09,286927.6
USZ0H17,2026-01-12,287410.3
USZ0H17,2026-01-15,287901.4
USZ0H17,2026-01-20,288262.7
USZ0H17,2026-01-30,290060.2
USZ0H17,2026-02-09,291948.6
USZ0H17,2026-02-14,292765.7
USZ0H17,2026-02-15,292767.6
USZ0H17,2026-02-18,293033.9
USZ0H17,2026-02-22,293571.9
USZ0H17,2026-02-24,293843.0
USZ0H17,2026-03-05,295064.4
USZ0H17,2026-03-11,295867.4
USZ0H17,2026-03-24,297965.9
USZ0H17,2026-03-30,298962.9
USZ0H17,2026-04-13,301271.0
USZ0H17,2026-04-14,301440.8
USZ0H17,2026-04-18,301910.8
USZ0H17,2026-04-26,302995.1
USZ0H17,2026-05-02,303810.4
USZ0H17,2026-05-03,303993.6
USZ0H17,2026-05-04,304128.8
USZ0H17,2026-05-17,306181.2
USZ0H17,2026-05-29,308174.6
UWV1R01,2024-01-15,168139.6
UWV1R01,2024-01-26,170842.5
UWV1R01,2024-02-02,171857.8
UWV1R01,2024-02-11,174167.0
UWV1R01,2024-03-04,179652.0
UWV1R01,2024-03-15,182367.5
UWV1R01,2024-03-18,183159.2
UWV1R01,2024-03-26,184972.1
UWV1R01,2024-04-01,186047.6
UWV1R01,2024-04-07,187790.4
UWV1R01,2024-04-08,188067.8
UWV1R01,2024-04-17,190497.4
UWV1R01,2024-04-21,191273.5
UWV1R01,2024-04-25,192067.6
UWV1R01,2024-04-29,193158.2
UWV1R01,2024-05-03,194242.6
UWV1R01,2024-05-06,194932.9
UWV1R01,2024-05-14,196847.5
UWV1R01,2024-05-17,197566.4
UWV1R01,2024-05-20,198461.5
UWV1R01,2024-05-22,198982.7
UWV1R01,2024-06-02,201907.7
UWV1R01,2024-06-14,204988.4
UWV1R01,2024-06-22,207137.5
UWV1R01,2024-06-24,207654.4
UWV1R01,2024-06-27,208184.8
UWV1R01,2024-07-05,210203.7
UWV1R01,2024-07-07,210727.8
UWV1R01,2024-07-16,213046.2
UWV1R01,2024-07-23,214785.2
UWV1R01,2024-07-25,215378.8
UWV1R01,2024-07-26,215669.6
UWV1R01,2024-08-24,222783.0
UWV1R01,2024-08-25,223040.7
UWV1R01,2024-08-26,223276.9
UWV1R01,2024-08-28,223807.1
UWV1R01,2024-09-04,225445.6
UWV1R01,2024-09-19,228581.9
UWV1R01,2024-09-25,230142.2
UWV1R01,2024-10-07,233166.0
UWV1R01,2024-10-12,234269.1
UWV1R01,2024-10-15,235019.9
UWV1R01,2024-10-27,237992.1
UWV1R01,2024-11-03,239826.4
UWV1R01,2024-11-05,240472.6
UWV1R01,2024-11-11,242031.4
UWV1R01,2024-11-27,245413.8
UWV1R01,2024-12-10,248794.2
UWV1R01,2024-12-25,252124.7
UWV1R01,2025-01-02,254002.2
UWV1R01,2025-01-13,256662.1
UWV1R01,2025-01-14,256924.3
UWV1R01,2025-02-05,262011.2
UWV1R01,2025-02-08,262830.5
UWV1R01,2025-02-11,263515.9
UWV1R01,2025-03-04,268686.1
UWV1R01,2025-03-11,270343.0
UWV1R01,2025-03-16,271366.2
UWV1R01,2025-03-18,271927.5
UWV1R01,2025-03-23,272955.2
UWV1R01,2025-04-14,278570.1
UWV1R01,2025-04-15,278850.0
UWV1R01,2025-04-21,280569.0
UWV1R01,2025-04-29,282558.6
UWV1R01,2025-05-17,287054.9
UWV1R01,2025-05-24,288594.6
UWV1R01,2025-05-30,289858.0
UWV1R01,2025-06-06,291701.3
UWV1R01,2025-06-08,292264.8
UWV1R01,2025-06-11,293133.2
UWV1R01,2025-06-13,293665.5
UWV1R01,2025-06-16,294610.8
UWV1R01,2025-06-21,295917.7
UWV1R01,2025-06-28,297952.9
UWV1R01,2025-07-10,301027.8
UWV1R01,2025-07-11,301303.5
UWV1R01,2025-08-14,308550.4
UWV1R01,2025-08-15,308848.3
UWV1R01,2025-08-30,312195.6
UWV1R01,2025-08-31,312490.1
UWV1R01,2025-09-01,312787.1
UWV1R01,2025-09-11,315439.7
UWV1R01,2025-09-13,315941.7
UWV1R01,2025-09-15,316250.5
UWV1R01,2025-09-28,319497.7
UWV1R01,2025-10-02,320592.4
UWV1R01,2025-10-05,321178.2
UWV1R01,2025-10-09,321892.4
UWV1R01,2025-10-11,322462.9
UWV1R01,2025-10-16,323570.4
UWV1R01,2025-10-17,323868.3
UWV1R01,2025-10-30,326637.7
UWV1R01,2025-11-10,329017.0
UWV1R01,2025-11-14,329761.4
UWV1R01,2025-11-20,331089.9
UWV1R01,2025-11-21,331360.1
UWV1R01,2025-11-25,332271.9
UWV1R01,2025-11-26,332591.6
UWV1R01,2025-12-01,333893.9
UWV1R01,2025-12-05,334677.3
UWV1R01,2025-12-11,336197.3
UWV1R01,2025-12-24,339095.8
UWV1R01,2026-01-12,343623.2
UWV1R01,2026-01-21,345379.7
UWV1R01,2026-02-09,349834.1
UWV1R01,2026-02-19,352156.6
UWV1R01,2026-02-20,352381.0
UWV1R01,2026-03-01,354508.2
UWV1R01,2026-03-02,354751.9
UWV1R01,2026-03-08,356420.8
UWV1R01,2026-03-12,357394.5
UWV1R01,2026-03-16,358465.1
UWV1R01,2026-03-19,359324.5
UWV1R01,2026-04-05,363858.1
UWV1R01,2026-04-10,364706.8
UWV1R01,2026-04-22,367075.7
UWV1R01,2026-04-23,367345.9
UWV1R01,2026-04-29,368397.2
UWV1R01,2026-05-08,370550.7
UWV1R01,2026-05-16,372713.4
UWV1R01,2026-05-21,373637.8
UWV1R01,2026-05-23,374271.7
UWV1R01,2026-05-28,375689.5
UZS8U18,2024-01-05,59410.3
UZS8U18,2024-01-16,60685.9
UZS8U18,2024-01-20,61048.7
UZS8U18,2024-01-23,61435.9
UZS8U18,2024-01-27,61927.1
UZS8U18,2024-01-29,62168.6
UZS8U18,2024-01-30,62289.6
UZS8U18,2024-02-05,62776.6
UZS8U18,2024-02-07,63035.0
UZS8U18,2024-02-23,64903.6
UZS8U18,2024-02-24,65037.3
UZS8U18,2024-02-29,65662.2
UZS8U18,2024-03-05,66152.8
UZS8U18,2024-03-10,66767.2
UZS8U18,2024-03-15,67132.1
UZS8U18,2024-03-16,67241.0
UZS8U18,2024-03-18,67484.0
UZS8U18,2024-03-20,67741.3
UZS8U18,2024-04-02,69242.7
UZS8U18,2024-04-07,69633.0
UZS8U18,2024-05-03,72050.7
UZS8U18,2024-05-12,72824.6
UZS8U18,2024-05-17,73296.4
UZS8U18,2024-06-03,75219.4
UZS8U18,2024-06-08,75714.5
UZS8U18,2024-06-09,75709.8
UZS8U18,2024-06-17,76706.2
UZS8U18,2024-06-19,76807.7
UZS8U18,2024-07-26,81103.2
UZS8U18,2024-08-04,82148.7
UZS8U18,2024-08-07,82394.3
UZS8U18,2024-08-26,84627.9
UZS8U18,2024-09-07,85876.2
UZS8U18,2024-09-13,86601.9
UZS8U18,2024-09-22,87483.9
UZS8U18,2024-09-26,88001.2
UZS8U18,2024-10-16,90236.7
UZS8U18,2024-10-20,90733.1
UZS8U18,2024-10-31,91865.8
UZS8U18,2024-11-04,92245.8
UZS8U18,2024-11-06,92385.7
UZS8U18,2024-11-18,93824.5
UZS8U18,2024-12-01,95066.0
UZS8U18,2024-12-04,95427.6
UZS8U18,2024-12-09,95763.8
UZS8U18,2024-12-27,97782.2
UZS8U18,2025-01-05,98899.9
UZS8U18,2025-01-13,99758.9
UZS8U18,2025-01-17,100133.8
UZS8U18,2025-01-19,100255.6
UZS8U18,2025-01-22,100600.1
UZS8U18,2025-02-05,102051.7
UZS8U18,2025-02-07,102305.4
UZS8U18,2025-02-19,103241.0
UZS8U18,2025-02-25,103988.0
UZS8U18,2025-02-26,103982.8
UZS8U18,2025-03-17,106363.4
UZS8U18,2025-04-02,107857.6
UZS8U18,2025-04-04,107956.6
UZS8U18,2025-04-09,108598.5
UZS8U18,2025-04-11,108852.9
UZS8U18,2025-04-17,109495.7
UZS8U18,2025-05-27,113739.7
UZS8U18,2025-06-02,114525.5
UZS8U18,2025-06-17,116062.1
UZS8U18,2025-06-18,116188.9
UZS8U18,2025-06-19,116305.3
UZS8U18,2025-06-29,117448.9
UZS8U18,2025-07-06,118104.0
UZS8U18,2025-07-15,119159.8
UZS8U18,2025-07-16,119153.9
UZS8U18,2025-08-05,121242.0
UZS8U18,2025-08-13,122249.7
UZS8U18,2025-08-15,122521.9
UZS8U18,2025-08-17,122785.5
UZS8U18,2025-08-18,122916.0
UZS8U18,2025-08-25,123398.3
UZS8U18,2025-09-09,125004.8
UZS8U18,2025-10-15,128885.6
UZS8U18,2025-10-17,129121.3
UZS8U18,2025-10-18,129234.9
UZS8U18,2025-10-19,129368.4
UZS8U18,2025-12-14,135764.2
UZS8U18,2025-12-18,136287.6
UZS8U18,2025-12-22,136563.7
UZS8U18,2025-12-30,137427.4
UZS8U18,2026-01-05,138076.4
UZS8U18,2026-01-10,138600.8
UZS8U18,2026-01-13,138995.4
UZS8U18,2026-01-20,139886.9
UZS8U18,2026-01-26,140383.5
UZS8U18,2026-01-28,140639.9
UZS8U18,2026-02-01,141164.0
UZS8U18,2026-02-04,141423.4
UZS8U18,2026-02-05,141543.3
UZS8U18,2026-02-06,141673.2
UZS8U18,2026-02-12,142368.2
UZS8U18,2026-02-20,143141.3
UZS8U18,2026-03-03,144254.4
UZS8U18,2026-03-23,146128.3
UZS8U18,2026-03-24,146133.7
UZS8U18,2026-03-29,146631.2
UZS8U18,2026-04-14,148505.9
UZS8U18,2026-04-21,149290.0
UZS8U18,2026-05-14,151754.7
UZS8U18,2026-05-18,152120.4
UZS8U18,2026-05-29,153185.1
VFR5D71,2024-01-08,155104.4
VFR5D71,2024-01-29,158515.1
VFR5D71,2024-02-08,160510.4
VFR5D71,2024-03-01,165486.1
VFR5D71,2024-03-05,166228.0
VFR5D71,2024-03-06,166472.8
VFR5D71,2024-03-11,167532.8
VFR5D71,2024-03-14,168047.0
VFR5D71,2024-03-22,169868.0
VFR5D71,2024-03-26,170880.4
VFR5D71,2024-04-04,172844.0
VFR5D71,2024-04-07,173586.5
VFR5D71,2024-04-22,175932.9
VFR5D71,2024-05-07,178821.9
VFR5D71,2024-05-10,179347.4
VFR5D71,2024-05-12,179819.8
VFR5D71,2024-05-13,179808.0
VFR5D71,2024-06-06,184011.7
VFR5D71,2024-06-09,184803.6
VFR5D71,2024-06-11,185327.3
VFR5D71,2024-06-15,186122.2
VFR5D71,2024-06-28,189125.7
VFR5D71,2024-07-08,190564.1
VFR5D71,2024-07-12,191321.3
VFR5D71,2024-07-19,193073.0
VFR5D71,2024-07-26,194310.5
VFR5D71,2024-07-31,195563.1
VFR5D71,2024-08-01,195818.2
VFR5D71,2024-08-07,197253.2
VFR5D71,2024-08-13,198510.3
VFR5D71,2024-08-15,199013.0
VFR5D71,2024-08-17,199476.8
VFR5D71,2024-08-27,201541.1
VFR5D71,2024-09-02,202735.3
VFR5D71,2024-09-19,206526.5
VFR5D71,2024-09-21,207025.9
VFR5D71,2024-09-24,207222.4
VFR5D71,2024-09-26,207714.2
VFR5D71,2024-10-06,209754.8
VFR5D71,2024-10-07,209988.9
VFR5D71,2024-10-18,212663.9
VFR5D71,2024-10-27,214563.4
VFR5D71,2024-10-29,215055.3
VFR5D71,2024-10-30,215309.5
VFR5D71,2024-11-02,215789.2
VFR5D71,2024-11-07,216772.0
VFR5D71,2024-11-20,219278.9
VFR5D71,2024-12-02,221576.2
VFR5D71,2024-12-06,222306.7
VFR5D71,2024-12-09,222787.8
VFR5D71,2024-12-13,223289.2
VFR5D71,2024-12-18,224293.7
VFR5D71,2024-12-28,225856.8
VFR5D71,2024-12-30,226090.8
VFR5D71,2025-01-06,227361.2
VFR5D71,2025-01-07,227589.8
VFR5D71,2025-01-09,227853.8
VFR5D71,2025-01-15,229010.1
VFR5D71,2025-01-16,229267.6
VFR5D71,2025-01-31,231732.2
VFR5D71,2025-02-11,233194.0
VFR5D71,2025-02-19,235106.1
VFR5D71,2025-02-21,235515.0
VFR5D71,2025-02-22,235787.8
VFR5D71,2025-02-27,236769.5
VFR5D71,2025-03-03,237534.1
VFR5D71,2025-03-07,238300.0
VFR5D71,2025-03-11,239276.7
VFR5D71,2025-03-16,240486.4
VFR5D71,2025-03-17,240483.7
VFR5D71,2025-03-29,242966.2
VFR5D71,2025-03-30,243214.6
VFR5D71,2025-04-01,243747.4
VFR5D71,2025-04-16,246493.8
VFR5D71,2025-04-25,247884.6
VFR5D71,2025-05-07,250357.7
VFR5D71,2025-05-18,252627.5
VFR5D71,2025-05-21,252841.6
VFR5D71,2025-06-02,255447.8
VFR5D71,2025-06-05,255699.5
VFR5D71,2025-06-21,259426.2
VFR5D71,2025-06-24,260122.9
VFR5D71,2025-06-29,261399.4
VFR5D71,2025-07-05,262680.8
VFR5D71,2025-07-07,263160.4
VFR5D71,2025-07-11,263879.9
VFR5D71,2025-07-25,266399.6
VFR5D71,2025-07-26,266639.1
VFR5D71,2025-07-30,267405.5
VFR5D71,2025-08-06,268889.7
VFR5D71,2025-08-09,269592.7
VFR5D71,2025-08-21,271882.4
VFR5D71,2025-08-26,272853.6
VFR5D71,2025-08-30,273595.6
VFR5D71,2025-09-06,275041.5
VFR5D71,2025-09-25,279158.4
VFR5D71,2025-10-03,280535.2
VFR5D71,2025-10-06,281039.8
VFR5D71,2025-10-20,283999.9
VFR5D71,2025-10-25,285269.7
VFR5D71,2025-10-28,285732.6
VFR5D71,2025-11-02,286907.7
VFR5D71,2025-11-13,289337.2
VFR5D71,2025-11-14,289334.5
VFR5D71,2025-11-18,290054.2
VFR5D71,2025-11-22,291043.7
VFR5D71,2025-11-26,291793.1
VFR5D71,2025-12-02,293019.6
VFR5D71,2025-12-15,296203.5
VFR5D71,2025-12-30,299368.7
VFR5D71,2026-01-13,302517.8
VFR5D71,2026-01-16,303228.1
VFR5D71,2026-02-03,307436.6
VFR5D71,2026-02-11,309518.0
VFR5D71,2026-02-16,310231.5
VFR5D71,2026-03-07,313686.2
VFR5D71,2026-04-02,318060.9
VFR5D71,2026-04-10,319965.9
VFR5D71,2026-04-19,322087.1
VFR5D71,2026-05-16,327297.3
VFR5D71,2026-05-23,328275.7
VFR5D71,2026-05-25,328770.5
VFR5D71,2026-05-30,330019.4
VLZ0I78,2024-01-20,146014.5
VLZ0I78,2024-01-27,146633.1
VLZ0I78,2024-02-06,147521.5
VLZ0I78,2024-02-26,148706.5
VLZ0I78,2024-03-02,149177.9
VLZ0I78,2024-03-18,150156.3
VLZ0I78,2024-03-24,150584.6
VLZ0I78,2024-03-25,150657.6
VLZ0I78,2024-03-28,150904.0
VLZ0I78,2024-03-30,151098.6
VLZ0I78,2024-04-15,152434.5
VLZ0I78,2024-04-18,152716.4
VLZ0I78,2024-04-22,152966.5
VLZ0I78,2024-05-04,153888.8
VLZ0I78,2024-05-16,154676.3
VLZ0I78,2024-06-04,156325.0
VLZ0I78,2024-06-10,156718.6
VLZ0I78,2024-06-16,157025.9
VLZ0I78,2024-06-19,157278.8
VLZ0I78,2024-07-01,157700.1
VLZ0I78,2024-07-05,157921.5
VLZ0I78,2024-07-07,158001.6
VLZ0I78,2024-07-10,158175.8
VLZ0I78,2024-07-15,158347.6
VLZ0I78,2024-07-31,159238.3
VLZ0I78,2024-08-04,159587.5
VLZ0I78,2024-08-10,160015.5
VLZ0I78,2024-08-19,160366.3
VLZ0I78,2024-08-23,160723.3
VLZ0I78,2024-08-26,160945.8
VLZ0I78,2024-08-31,161404.4
VLZ0I78,2024-09-04,161770.6
VLZ0I78,2024-09-11,162219.5
VLZ0I78,2024-09-15,162392.0
VLZ0I78,2024-09-23,162761.0
VLZ0I78,2024-09-25,162851.5
VLZ0I78,2024-09-28,163110.3
VLZ0I78,2024-09-29,163204.0
VLZ0I78,2024-09-30,163294.3
VLZ0I78,2024-10-14,164385.1
VLZ0I78,2024-10-15,164472.9
VLZ0I78,2024-11-04,165741.3
VLZ0I78,2024-11-07,165857.7
VLZ0I78,2024-11-14,166249.1
VLZ0I78,2024-11-17,166522.1
VLZ0I78,2024-11-18,166615.1
VLZ0I78,2024-12-22,168737.9
VLZ0I78,2024-12-26,169018.6
VLZ0I78,2025-01-08,169808.2
VLZ0I78,2025-01-09,169911.3
VLZ0I78,2025-01-10,170000.4
VLZ0I78,2025-01-15,170336.2
VLZ0I78,2025-01-16,170450.5
VLZ0I78,2025-01-20,170715.8
VLZ0I78,2025-01-22,170793.6
VLZ0I78,2025-01-24,170901.7
VLZ0I78,2025-01-25,170976.3
VLZ0I78,2025-01-27,171064.8
VLZ0I78,2025-02-05,171547.0
VLZ0I78,2025-02-06,171552.8
VLZ0I78,2025-02-12,172042.3
VLZ0I78,2025-02-15,172291.4
VLZ0I78,2025-02-20,172622.7
VLZ0I78,2025-02-21,172699.2
VLZ0I78,2025-03-13,174179.8
VLZ0I78,2025-03-18,174364.6
VLZ0I78,2025-04-08,176144.8
VLZ0I78,2025-04-12,176541.7
VLZ0I78,2025-04-18,176989.8
VLZ0I78,2025-05-04,177940.9
VLZ0I78,2025-05-05,178034.3
VLZ0I78,2025-05-09,178384.5
VLZ0I78,2025-05-15,178846.2
VLZ0I78,2025-05-17,179039.3
VLZ0I78,2025-05-23,179608.8
VLZ0I78,2025-05-31,179969.6
VLZ0I78,2025-06-01,180091.0
VLZ0I78,2025-06-09,180718.8
VLZ0I78,2025-06-11,180808.0
VLZ0I78,2025-06-13,181020.5
VLZ0I78,2025-06-16,181280.2
VLZ0I78,2025-06-19,181444.8
VLZ0I78,2025-06-25,181939.3
VLZ0I78,2025-06-26,181940.8
VLZ0I78,2025-07-01,182339.0
VLZ0I78,2025-07-10,182894.7
VLZ0I78,2025-07-13,183165.0
VLZ0I78,2025-07-16,183428.9
VLZ0I78,2025-07-17,183530.4
VLZ0I78,2025-07-23,183897.0
VLZ0I78,2025-07-24,183977.1
VLZ0I78,2025-07-30,184454.0
VLZ0I78,2025-08-05,184963.4
VLZ0I78,2025-08-06,184964.9
VLZ0I78,2025-08-12,185502.0
VLZ0I78,2025-08-13,185583.8
VLZ0I78,2025-08-22,186138.2
VLZ0I78,2025-09-01,186959.8
VLZ0I78,2025-09-09,187257.8
VLZ0I78,2025-09-15,187620.5
VLZ0I78,2025-09-22,188098.1
VLZ0I78,2025-09-26,188251.0
VLZ0I78,2025-10-18,189515.5
VLZ0I78,2025-10-21,189762.3
VLZ0I78,2025-11-27,192673.1
VLZ0I78,2025-12-07,193476.7
VLZ0I78,2025-12-08,193560.9
VLZ0I78,2025-12-11,193840.8
VLZ0I78,2025-12-15,193997.0
VLZ0I78,2025-12-19,194170.0
VLZ0I78,2025-12-20,194173.2
VLZ0I78,2025-12-26,194454.3
VLZ0I78,2025-12-28,194619.1
VLZ0I78,2026-01-05,195274.7
VLZ0I78,2026-01-06,195359.6
VLZ0I78,2026-02-08,197727.5
VLZ0I78,2026-02-20,198485.2
VLZ0I78,2026-03-11,200136.0
VLZ0I78,2026-03-13,200227.3
VLZ0I78,2026-03-21,200968.8
VLZ0I78,2026-03-23,200965.1
VLZ0I78,2026-04-01,201498.0
VLZ0I78,2026-04-04,201690.8
VLZ0I78,2026-04-13,202183.6
VLZ0I78,2026-05-04,203808.7
VLZ0I78,2026-05-07,203979.9
VLZ0I78,2026-05-16,204562.7
VLZ0I78,2026-05-28,205464.7
VLZ0I78,2026-05-29,205558.0
VPF5F04,2024-01-23,139809.6
VPF5F04,2024-01-27,141043.1
VPF5F04,2024-02-20,146641.9
VPF5F04,2024-02-23,147253.3
VPF5F04,2024-03-01,148673.5
VPF5F04,2024-03-02,148975.6
VPF5F04,2024-03-03,148996.5
VPF5F04,2024-03-09,150152.6
VPF5F04,2024-03-16,151454.3
VPF5F04,2024-03-29,153344.0
VPF5F04,2024-04-12,156482.7
VPF5F04,2024-04-28,159688.2
VPF5F04,2024-04-29,159935.8
VPF5F04,2024-05-10,163225.8
VPF5F04,2024-05-23,166061.6
VPF5F04,2024-05-24,166261.8
VPF5F04,2024-05-30,167466.7
VPF5F04,2024-05-31,167806.6
VPF5F04,2024-06-01,167976.3
VPF5F04,2024-06-20,172478.6
VPF5F04,2024-06-21,172764.8
VPF5F04,2024-06-27,173965.6
VPF5F04,2024-06-30,174857.6
VPF5F04,2024-07-04,175679.3
VPF5F04,2024-07-12,176982.3
VPF5F04,2024-07-29,180562.7
VPF5F04,2024-08-06,181917.3
VPF5F04,2024-08-17,185123.7
VPF5F04,2024-08-31,188845.6
VPF5F04,2024-09-22,194702.8
VPF5F04,2024-10-02,196938.1
VPF5F04,2024-10-07,198297.9
VPF5F04,2024-10-09,198843.6
VPF5F04,2024-10-19,200614.6
VPF5F04,2024-10-27,202501.7
VPF5F04,2024-10-28,202806.2
VPF5F04,2024-11-11,206046.0
VPF5F04,2024-11-25,209060.0
VPF5F04,2024-11-30,210119.9
VPF5F04,2024-12-11,211812.5
VPF5F04,2024-12-20,213805.8
VPF5F04,2025-01-02,217240.7
VPF5F04,2025-01-05,218027.6
VPF5F04,2025-01-09,218879.3
VPF5F04,2025-01-12,219749.6
VPF5F04,2025-01-13,220042.1
VPF5F04,2025-02-06,225209.5
VPF5F04,2025-02-17,227035.5
VPF5F04,2025-02-24,228601.4
VPF5F04,2025-03-02,229663.8
VPF5F04,2025-03-09,231294.7
VPF5F04,2025-03-13,232028.1
VPF5F04,2025-03-18,233059.2
VPF5F04,2025-03-22,233835.4
VPF5F04,2025-03-23,234068.4
VPF5F04,2025-03-26,234510.2
VPF5F04,2025-03-27,234521.5
VPF5F04,2025-04-14,238245.1
VPF5F04,2025-04-19,239416.3
VPF5F04,2025-05-11,245505.4
VPF5F04,2025-06-05,249722.0
VPF5F04,2025-06-10,250574.2
VPF5F04,2025-06-15,251333.1
VPF5F04,2025-06-17,251601.1
VPF5F04,2025-06-27,254488.0
VPF5F04,2025-07-23,260295.4
VPF5F04,2025-07-29,261701.8
VPF5F04,2025-08-01,262308.1
VPF5F04,2025-08-16,265070.4
VPF5F04,2025-09-03,268924.3
VPF5F04,2025-09-04,269196.9
VPF5F04,2025-09-14,271823.3
VPF5F04,2025-09-19,272961.9
VPF5F04,2025-10-01,275677.3
VPF5F04,2025-11-01,283942.9
VPF5F04,2025-11-05,284905.2
VPF5F04,2025-11-12,286353.9
VPF5F04,2025-12-01,290916.0
VPF5F04,2025-12-20,295691.0
VPF5F04,2025-12-26,297332.9
VPF5F04,2025-12-29,298120.8
VPF5F04,2026-01-09,300648.4
VPF5F04,2026-01-15,302006.0
VPF5F04,2026-01-19,303094.3
VPF5F04,2026-01-20,303419.2
VPF5F04,2026-01-27,305076.4
VPF5F04,2026-02-01,306389.5
VPF5F04,2026-02-05,307301.8
VPF5F04,2026-02-07,307752.5
VPF5F04,2026-02-12,309138.1
VPF5F04,2026-02-18,310374.2
VPF5F04,2026-02-23,311671.2
VPF5F04,2026-02-24,311692.2
VPF5F04,2026-03-07,314427.4
VPF5F04,2026-03-09,314909.5
VPF5F04,2026-03-12,315734.8
VPF5F04,2026-03-21,317805.6
VPF5F04,2026-03-22,317995.1
VPF5F04,2026-03-24,318631.7
VPF5F04,2026-04-01,320206.4
VPF5F04,2026-04-04,321075.6
VPF5F04,2026-04-22,324801.7
VPF5F04,2026-04-26,325845.8
VPF5F04,2026-04-30,326965.8
VPF5F04,2026-05-03,327817.5
VPF5F04,2026-05-07,328820.3
VPF5F04,2026-05-18,331163.3
VPF5F04,2026-05-20,331420.7
VPF5F04,2026-05-29,333562.2
WGS5H44,2024-01-01,24956.8
WGS5H44,2024-01-06,25580.9
WGS5H44,2024-01-08,25851.0
WGS5H44,2024-01-09,26036.9
WGS5H44,2024-01-10,26036.2
WGS5H44,2024-01-14,26527.9
WGS5H44,2024-01-21,27473.8
WGS5H44,2024-01-25,27886.0
WGS5H44,2024-02-02,29073.3
WGS5H44,2024-02-04,29400.6
WGS5H44,2024-02-06,29549.5
WGS5H44,2024-02-09,29826.7
WGS5H44,2024-02-17,30552.9
WGS5H44,2024-03-09,33069.9
WGS5H44,2024-03-15,33804.0
WGS5H44,2024-03-19,34396.7
WGS5H44,2024-03-22,34704.8
WGS5H44,2024-03-23,34840.0
WGS5H44,2024-04-11,37572.5
WGS5H44,2024-04-20,38558.0
WGS5H44,2024-04-23,38874.3
WGS5H44,2024-04-25,39177.2
WGS5H44,2024-04-26,39320.2
WGS5H44,2024-05-07,41058.6
WGS5H44,2024-05-15,41908.4
WGS5H44,2024-05-27,43456.4
WGS5H44,2024-05-29,43762.1
WGS5H44,2024-06-11,45341.6
WGS5H44,2024-06-15,45950.5
WGS5H44,2024-06-17,46115.2
WGS5H44,2024-06-18,46273.8
WGS5H44,2024-06-27,47198.1
WGS5H44,2024-07-13,49337.1
WGS5H44,2024-07-16,49789.7
WGS5H44,2024-07-21,50516.2
WGS5H44,2024-08-02,51863.3
WGS5H44,2024-08-18,53637.5
WGS5H44,2024-08-20,53789.3
WGS5H44,2024-08-21,53796.0
WGS5H44,2024-08-24,54059.9
WGS5H44,2024-08-25,54222.0
WGS5H44,2024-08-29,54829.0
WGS5H44,2024-09-01,55272.3
WGS5H44,2024-09-28,58782.3
WGS5H44,2024-10-14,60415.3
WGS5H44,2024-10-16,60745.3
WGS5H44,2024-10-19,61048.0
WGS5H44,2024-11-01,62360.1
WGS5H44,2024-11-13,63429.1
WGS5H44,2024-11-25,65121.4
WGS5H44,2024-11-30,65389.5
WGS5H44,2024-12-01,65379.1
WGS5H44,2024-12-11,66813.1
WGS5H44,2024-12-26,68461.5
WGS5H44,2024-12-29,68725.5
WGS5H44,2025-02-04,73862.1
WGS5H44,2025-02-08,74177.1
WGS5H44,2025-02-10,74481.3
WGS5H44,2025-02-16,75456.2
WGS5H44,2025-02-20,76073.3
WGS5H44,2025-02-21,76227.9
WGS5H44,2025-02-27,76803.0
WGS5H44,2025-03-02,77257.5
WGS5H44,2025-03-25,80278.6
WGS5H44,2025-03-29,80907.8
WGS5H44,2025-04-25,83723.8
WGS5H44,2025-04-30,84312.2
WGS5H44,2025-05-11,85657.5
WGS5H44,2025-05-12,85790.1
WGS5H44,2025-05-19,86730.3
WGS5H44,2025-05-22,87024.9
WGS5H44,2025-05-24,87170.7
WGS5H44,2025-06-07,89006.5
WGS5H44,2025-06-16,89909.5
WGS5H44,2025-06-30,91634.2
WGS5H44,2025-07-13,93371.2
WGS5H44,2025-07-17,93800.1
WGS5H44,2025-07-21,94241.2
WGS5H44,2025-08-06,96344.2
WGS5H44,2025-08-13,97248.1
WGS5H44,2025-08-16,97541.5
WGS5H44,2025-08-20,98118.2
WGS5H44,2025-08-21,98121.1
WGS5H44,2025-08-22,98278.2
WGS5H44,2025-08-26,98758.8
WGS5H44,2025-08-30,99376.4
WGS5H44,2025-09-02,99847.7
WGS5H44,2025-09-03,99994.2
WGS5H44,2025-09-17,102101.3
WGS5H44,2025-09-18,102261.6
WGS5H44,2025-09-22,102860.2
WGS5H44,2025-09-24,103173.0
WGS5H44,2025-09-26,103503.2
WGS5H44,2025-09-27,103651.0
WGS5H44,2025-10-02,104384.4
WGS5H44,2025-10-13,106055.5
WGS5H44,2025-10-15,106340.2
WGS5H44,2025-11-02,108234.7
WGS5H44,2025-11-04,108527.9
WGS5H44,2025-11-25,111005.3
WGS5H44,2025-12-05,112386.3
WGS5H44,2025-12-10,113204.8
WGS5H44,2025-12-21,114675.1
WGS5H44,2026-01-11,117433.2
WGS5H44,2026-02-06,120950.8
WGS5H44,2026-02-11,121632.3
WGS5H44,2026-02-12,121777.6
WGS5H44,2026-02-18,122674.3
WGS5H44,2026-03-05,124474.1
WGS5H44,2026-03-16,125950.3
WGS5H44,2026-03-23,127035.3
WGS5H44,2026-04-08,129147.8
WGS5H44,2026-04-13,129755.6
WGS5H44,2026-04-15,130060.9
WGS5H44,2026-04-19,130671.1
WGS5H44,2026-04-20,130802.9
WGS5H44,2026-04-28,131841.3
WGS5H44,2026-05-01,132156.9
WGS5H44,2026-05-05,132580.0
WGS5H44,2026-05-07,132851.9
WGS5H44,2026-05-15,134057.7
WGS5H44,2026-05-16,134194.9
WGS5H44,2026-05-21,134937.8
WGS5H44,2026-05-23,135212.2
WUW5M75,2024-01-05,104666.3
WUW5M75,2024-01-09,104991.5
WUW5M75,2024-01-11,105116.3
WUW5M75,2024-02-01,106867.3
WUW5M75,2024-02-07,107498.7
WUW5M75,2024-02-09,107743.2
WUW5M75,2024-02-23,109066.8
WUW5M75,2024-03-09,110365.2
WUW5M75,2024-03-18,111371.1
WUW5M75,2024-04-15,113801.3
WUW5M75,2024-04-17,114000.1
WUW5M75,2024-04-24,114621.2
WUW5M75,2024-05-02,115375.2
WUW5M75,2024-05-06,115658.5
WUW5M75,2024-05-19,116742.1
WUW5M75,2024-05-23,117139.2
WUW5M75,2024-06-06,118625.6
WUW5M75,2024-06-09,118847.2
WUW5M75,2024-06-11,119041.1
WUW5M75,2024-06-14,119227.6
WUW5M75,2024-06-17,119584.5
WUW5M75,2024-06-18,119576.1
WUW5M75,2024-06-23,119989.6
WUW5M75,2024-06-30,120629.7
WUW5M75,2024-07-10,121174.9
WUW5M75,2024-07-11,121306.7
WUW5M75,2024-08-02,122917.0
WUW5M75,2024-08-04,123130.1
WUW5M75,2024-08-14,124100.4
WUW5M75,2024-08-16,124245.8
WUW5M75,2024-08-18,124498.6
WUW5M75,2024-08-29,125478.4
WUW5M75,2024-09-08,126276.5
WUW5M75,2024-10-03,128393.8
WUW5M75,2024-10-07,128739.8
WUW5M75,2024-10-10,128931.8
WUW5M75,2024-10-18,129525.5
WUW5M75,2024-10-22,129899.2
WUW5M75,2024-10-25,130253.5
WUW5M75,2024-11-08,131271.7
WUW5M75,2024-11-11,131584.1
WUW5M75,2024-11-18,132329.7
WUW5M75,2024-11-20,132419.1
WUW5M75,2024-11-24,132836.8
WUW5M75,2024-12-12,134696.8
WUW5M75,2024-12-19,135115.1
WUW5M75,2024-12-20,135239.5
WUW5M75,2024-12-30,136175.7
WUW5M75,2025-01-05,136616.8
WUW5M75,2025-01-14,137386.9
WUW5M75,2025-01-20,137738.9
WUW5M75,2025-01-29,138486.8
WUW5M75,2025-02-11,139601.0
WUW5M75,2025-02-15,139978.5
WUW5M75,2025-02-16,140075.9
WUW5M75,2025-03-19,142532.8
WUW5M75,2025-04-11,144484.3
WUW5M75,2025-04-12,144612.2
WUW5M75,2025-04-25,145675.1
WUW5M75,2025-04-29,145965.8
WUW5M75,2025-04-30,146091.9
WUW5M75,2025-05-01,146087.4
WUW5M75,2025-05-05,146491.1
WUW5M75,2025-05-08,146810.9
WUW5M75,2025-05-19,147653.4
WUW5M75,2025-05-26,148151.7
WUW5M75,2025-06-06,149170.3
WUW5M75,2025-06-26,150998.4
WUW5M75,2025-07-05,151520.5
WUW5M75,2025-08-06,154438.5
WUW5M75,2025-08-20,155860.4
WUW5M75,2025-08-29,156892.5
WUW5M75,2025-08-30,157003.7
WUW5M75,2025-09-08,157732.9
WUW5M75,2025-10-12,160475.1
WUW5M75,2025-10-17,160926.9
WUW5M75,2025-10-19,161150.6
WUW5M75,2025-10-20,161238.2
WUW5M75,2025-10-26,161750.0
WUW5M75,2025-10-29,161971.6
WUW5M75,2025-11-15,163204.9
WUW5M75,2025-11-23,164023.5
WUW5M75,2025-12-11,165727.2
WUW5M75,2025-12-12,165825.6
WUW5M75,2025-12-13,165832.2
WUW5M75,2025-12-21,166591.7
WUW5M75,2025-12-26,166859.2
WUW5M75,2026-01-02,167414.9
WUW5M75,2026-01-13,168322.1
WUW5M75,2026-01-14,168410.6
WUW5M75,2026-02-08,170814.7
WUW5M75,2026-02-13,171207.4
WUW5M75,2026-02-24,172239.0
WUW5M75,2026-03-07,173127.8
WUW5M75,2026-03-08,173225.2
WUW5M75,2026-03-09,173279.5
WUW5M75,2026-03-16,173886.4
WUW5M75,2026-03-17,174012.9
WUW5M75,2026-03-21,174496.5
WUW5M75,2026-03-28,175056.2
WUW5M75,2026-04-01,175471.1
WUW5M75,2026-04-02,175564.4
WUW5M75,2026-04-06,175910.8
WUW5M75,2026-04-08,175919.2
WUW5M75,2026-04-19,176522.8
WUW5M75,2026-04-29,177366.6
WUW5M75,2026-05-17,179098.1
WUW5M75,2026-05-26,179999.0
WUW5M75,2026-05-31,180538.9
YDN6G33,2024-01-03,30752.3
YDN6G33,2024-01-12,31051.8
YDN6G33,2024-01-14,31143.6
YDN6G33,2024-01-22,31437.5
YDN6G33,2024-02-01,31735.9
YDN6G33,2024-02-07,31986.2
YDN6G33,2024-02-09,32047.2
YDN6G33,2024-02-28,32557.1
YDN6G33,2024-03-02,32687.1
YDN6G33,2024-03-08,32888.4
YDN6G33,2024-03-20,33306.7
YDN6G33,2024-03-28,33607.5
YDN6G33,2024-04-10,33995.4
YDN6G33,2024-04-28,34557.3
YDN6G33,2024-05-10,34989.6
YDN6G33,2024-05-11,35036.7
YDN6G33,2024-05-16,35139.3
YDN6G33,2024-05-20,35218.7
YDN6G33,2024-05-27,35344.3
YDN6G33,2024-06-03,35649.2
YDN6G33,2024-06-10,35788.6
YDN6G33,2024-06-16,35969.8
YDN6G33,2024-06-18,36037.9
YDN6G33,2024-06-24,36173.5
YDN6G33,2024-07-03,36429.6
YDN6G33,2024-07-05,36503.0
YDN6G33,2024-07-12,36770.7
YDN6G33,2024-07-14,36817.0
YDN6G33,2024-07-19,36905.0
YDN6G33,2024-07-24,37086.3
YDN6G33,2024-07-26,37124.8
YDN6G33,2024-07-28,37216.2
YDN6G33,2024-07-31,37288.7
YDN6G33,2024-08-02,37348.1
YDN6G33,2024-08-14,37631.9
YDN6G33,2024-08-19,37806.4
YDN6G33,2024-08-26,38127.9
YDN6G33,2024-08-27,38128.2
YDN6G33,2024-08-31,38300.1
YDN6G33,2024-09-20,38756.9
YDN6G33,2024-09-21,38806.0
YDN6G33,2024-09-24,38902.5
YDN6G33,2024-10-03,39140.9
YDN6G33,2024-10-18,39550.2
YDN6G33,2024-10-24,39733.4
YDN6G33,2024-10-29,39883.2
YDN6G33,2024-10-30,39920.6
YDN6G33,2024-11-07,40193.0
YDN6G33,2024-11-10,40318.7
YDN6G33,2024-11-15,40523.3
YDN6G33,2024-11-20,40707.7
YDN6G33,2024-12-14,41588.1
YDN6G33,2024-12-22,41886.5
YDN6G33,2025-01-06,42354.5
YDN6G33,2025-01-14,42693.9
YDN6G33,2025-01-17,42724.6
YDN6G33,2025-01-22,42865.5
YDN6G33,2025-01-31,43102.2
YDN6G33,2025-02-01,43146.2
YDN6G33,2025-02-06,43294.7
YDN6G33,2025-02-12,43567.0
YDN6G33,2025-02-14,43645.3
YDN6G33,2025-03-03,44162.6
YDN6G33,2025-03-07,44349.2
YDN6G33,2025-03-12,44529.3
YDN6G33,2025-03-14,44622.4
YDN6G33,2025-03-19,44774.8
YDN6G33,2025-03-23,44873.4
YDN6G33,2025-03-29,45082.9
YDN6G33,2025-04-02,45207.2
YDN6G33,2025-04-10,45492.0
YDN6G33,2025-04-22,45903.4
YDN6G33,2025-04-25,45936.4
YDN6G33,2025-05-16,46758.1
YDN6G33,2025-05-30,47066.7
YDN6G33,2025-06-08,47423.7
YDN6G33,2025-06-21,47789.8
YDN6G33,2025-06-22,47837.1
YDN6G33,2025-06-23,47830.3
YDN6G33,2025-07-02,48144.5
YDN6G33,2025-07-03,48136.6
YDN6G33,2025-07-17,48647.6
YDN6G33,2025-07-20,48733.0
YDN6G33,2025-07-23,48833.4
YDN6G33,2025-07-25,48879.0
YDN6G33,2025-08-09,49261.5
YDN6G33,2025-08-12,49342.3
YDN6G33,2025-08-16,49507.9
YDN6G33,2025-08-18,49598.3
YDN6G33,2025-08-20,49688.8
YDN6G33,2025-09-15,50484.6
YDN6G33,2025-09-18,50623.1
YDN6G33,2025-09-20,50707.6
YDN6G33,2025-09-21,50766.6
YDN6G33,2025-10-01,51108.1
YDN6G33,2025-10-02,51106.2
YDN6G33,2025-10-10,51366.8
YDN6G33,2025-10-14,51510.3
YDN6G33,2025-10-21,51812.8
YDN6G33,2025-10-22,51852.3
YDN6G33,2025-10-27,52028.4
YDN6G33,2025-11-06,52283.9
YDN6G33,2025-11-10,52318.2
YDN6G33,2025-11-11,52314.9
YDN6G33,2025-11-14,52415.4
YDN6G33,2025-11-19,52502.3
YDN6G33,2025-11-24,52673.1
YDN6G33,2025-12-04,53014.8
YDN6G33,2025-12-06,53098.0
YDN6G33,2025-12-09,53143.3
YDN6G33,2025-12-13,53286.6
YDN6G33,2025-12-16,53378.0
YDN6G33,2025-12-23,53641.7
YDN6G33,2026-01-03,53959.7
YDN6G33,2026-01-05,53993.6
YDN6G33,2026-01-06,54039.0
YDN6G33,2026-01-10,54175.6
YDN6G33,2026-01-18,54431.9
YDN6G33,2026-01-21,54585.9
YDN6G33,2026-01-23,54670.5
YDN6G33,2026-01-26,54751.0
YDN6G33,2026-02-04,54918.2
YDN6G33,2026-02-14,55109.5
YDN6G33,2026-02-15,55158.8
YDN6G33,2026-02-16,55204.7
YDN6G33,2026-02-23,55362.6
YDN6G33,2026-03-03,55661.6
YDN6G33,2026-03-08,55783.9
YDN6G33,2026-03-09,55826.8
YDN6G33,2026-03-16,56051.3
YDN6G33,2026-03-22,56203.2
YDN6G33,2026-03-24,56282.4
YDN6G33,2026-04-04,56651.0
YDN6G33,2026-04-15,56993.4
YDN6G33,2026-05-13,57875.0
YDN6G33,2026-05-15,57923.6
YDN6G33,2026-05-17,58008.2
YDN6G33,2026-05-21,58187.7
YDT9F57,2024-01-04,106951.5
YDT9F57,2024-01-09,107701.0
YDT9F57,2024-01-14,108442.5
YDT9F57,2024-01-16,108599.6
YDT9F57,2024-01-27,110214.6
YDT9F57,2024-01-30,110488.7
YDT9F57,2024-02-02,110905.0
YDT9F57,2024-02-27,114222.2
YDT9F57,2024-02-29,114463.5
YDT9F57,2024-03-01,114652.1
YDT9F57,2024-03-08,115524.8
YDT9F57,2024-03-16,116522.7
YDT9F57,2024-03-19,116878.2
YDT9F57,2024-03-22,117294.3
YDT9F57,2024-03-23,117440.8
YDT9F57,2024-03-24,117550.4
YDT9F57,2024-04-01,118716.6
YDT9F57,2024-04-07,119473.5
YDT9F57,2024-04-12,120238.4
YDT9F57,2024-04-16,120872.1
YDT9F57,2024-04-24,121877.8
YDT9F57,2024-05-02,122863.9
YDT9F57,2024-05-03,123036.0
YDT9F57,2024-06-06,127503.5
YDT9F57,2024-06-08,127784.4
YDT9F57,2024-06-13,128343.7
YDT9F57,2024-06-14,128461.4
YDT9F57,2024-06-16,128751.8
YDT9F57,2024-06-17,128899.0
YDT9F57,2024-06-18,128998.7
YDT9F57,2024-06-24,129727.9
YDT9F57,2024-06-29,130211.4
YDT9F57,2024-07-07,131151.9
YDT9F57,2024-07-12,131695.0
YDT9F57,2024-07-17,132171.9
YDT9F57,2024-07-20,132516.3
YDT9F57,2024-07-26,133313.1
YDT9F57,2024-08-10,135187.9
YDT9F57,2024-08-14,135590.5
YDT9F57,2024-08-19,136219.7
YDT9F57,2024-08-23,136665.5
YDT9F57,2024-08-24,136803.7
YDT9F57,2024-09-08,138810.0
YDT9F57,2024-09-09,138976.6
YDT9F57,2024-09-12,139473.5
YDT9F57,2024-09-16,139992.2
YDT9F57,2024-09-30,141877.2
YDT9F57,2024-10-06,142670.3
YDT9F57,2024-10-08,142929.4
YDT9F57,2024-10-14,143697.2
YDT9F57,2024-10-30,145580.5
YDT9F57,2024-11-05,146187.2
YDT9F57,2024-11-15,147623.9
YDT9F57,2024-11-20,148158.5
YDT9F57,2024-11-21,148292.7
YDT9F57,2024-11-27,148782.0
YDT9F57,2024-12-18,151428.1
YDT9F57,2025-01-03,153509.2
YDT9F57,2025-01-17,155304.4
YDT9F57,2025-01-18,155486.0
YDT9F57,2025-01-23,156194.1
YDT9F57,2025-01-30,157208.5
YDT9F57,2025-02-05,157826.6
YDT9F57,2025-02-09,158421.6
YDT9F57,2025-02-15,159111.9
YDT9F57,2025-02-21,159659.0
YDT9F57,2025-03-07,161486.9
YDT9F57,2025-03-11,161975.8
YDT9F57,2025-03-19,163182.6
YDT9F57,2025-04-04,165407.0
YDT9F57,2025-04-11,166214.2
YDT9F57,2025-04-13,166542.2
YDT9F57,2025-04-18,166977.0
YDT9F57,2025-04-25,167778.0
YDT9F57,2025-04-28,168201.6
YDT9F57,2025-04-29,168310.3
YDT9F57,2025-04-30,168461.5
YDT9F57,2025-05-06,169121.7
YDT9F57,2025-05-17,170429.1
YDT9F57,2025-05-21,170843.5
YDT9F57,2025-06-09,172843.2
YDT9F57,2025-06-10,173009.1
YDT9F57,2025-06-12,173206.7
YDT9F57,2025-06-21,174349.2
YDT9F57,2025-06-26,174899.2
YDT9F57,2025-06-29,175293.0
YDT9F57,2025-07-08,176362.1
YDT9F57,2025-07-17,177610.4
YDT9F57,2025-07-27,178703.2
YDT9F57,2025-07-30,179160.5
YDT9F57,2025-07-31,179164.0
YDT9F57,2025-08-12,180676.9
YDT9F57,2025-08-22,181569.9
YDT9F57,2025-09-03,183210.4
YDT9F57,2025-09-15,184707.2
YDT9F57,2025-09-18,185153.1
YDT9F57,2025-09-24,186009.1
YDT9F57,2025-09-25,186148.3
YDT9F57,2025-09-26,186271.6
YDT9F57,2025-09-28,186510.3
YDT9F57,2025-10-01,186760.1
YDT9F57,2025-10-09,187754.2
YDT9F57,2025-10-13,188190.6
YDT9F57,2025-10-22,189527.0
YDT9F57,2025-10-31,190934.3
YDT9F57,2025-11-11,192417.8
YDT9F57,2025-11-12,192559.6
YDT9F57,2025-11-18,193232.3
YDT9F57,2025-11-23,193928.9
YDT9F57,2025-11-24,194054.0
YDT9F57,2025-11-30,194871.4
YDT9F57,2025-12-10,196152.8
YDT9F57,2025-12-13,196447.7
YDT9F57,2026-01-10,200154.5
YDT9F57,2026-02-02,202776.8
YDT9F57,2026-02-03,202773.0
YDT9F57,2026-02-06,203011.4
YDT9F57,2026-03-25,209585.8
YDT9F57,2026-03-28,209857.0
YDT9F57,2026-04-04,210500.9
YDT9F57,2026-04-08,211082.0
YDT9F57,2026-04-17,212314.1
YDT9F57,2026-04-25,213431.3
YDT9F57,2026-04-29,213988.9
YDT9F57,2026-05-19,216415.1
YDT9F57,2026-05-23,216979.4
YDT9F57,2026-05-30,218056.6
YPO1D79,2024-01-01,110880.6
YPO1D79,2024-01-11,113139.5
YPO1D79,2024-01-12,113398.1
YPO1D79,2024-02-08,120221.8
YPO1D79,2024-02-11,120729.8
YPO1D79,2024-02-12,120994.7
YPO1D79,2024-02-13,121002.7
YPO1D79,2024-02-14,121264.9
YPO1D79,2024-02-25,124203.2
YPO1D79,2024-03-04,126120.9
YPO1D79,2024-03-06,126390.3
YPO1D79,2024-03-15,128353.1
YPO1D79,2024-03-19,129177.9
YPO1D79,2024-03-25,130807.6
YPO1D79,2024-05-03,139842.0
YPO1D79,2024-05-19,143186.5
YPO1D79,2024-05-26,144875.7
YPO1D79,2024-05-27,145184.3
YPO1D79,2024-06-05,147640.0
YPO1D79,2024-06-09,148762.3
YPO1D79,2024-06-17,150892.2
YPO1D79,2024-06-19,151382.2
YPO1D79,2024-06-24,152801.4
YPO1D79,2024-06-30,154369.6
YPO1D79,2024-07-13,157729.7
YPO1D79,2024-07-17,158604.3
YPO1D79,2024-07-25,160944.1
YPO1D79,2024-07-26,161192.3
YPO1D79,2024-07-31,162296.5
YPO1D79,2024-08-08,163956.0
YPO1D79,2024-08-16,165900.6
YPO1D79,2024-08-21,166891.8
YPO1D79,2024-09-01,170058.2
YPO1D79,2024-09-04,170624.5
YPO1D79,2024-09-09,171992.8
YPO1D79,2024-09-30,177409.4
YPO1D79,2024-10-10,179627.9
YPO1D79,2024-10-18,181445.0
YPO1D79,2024-10-26,183356.5
YPO1D79,2024-11-18,189745.0
YPO1D79,2024-11-22,190514.2
YPO1D79,2024-12-12,194617.1
YPO1D79,2024-12-23,197522.7
YPO1D79,2025-01-02,200240.3
YPO1D79,2025-01-08,201616.8
YPO1D79,2025-01-19,204442.9
YPO1D79,2025-01-21,204721.5
YPO1D79,2025-01-27,206395.8
YPO1D79,2025-02-05,208511.1
YPO1D79,2025-02-07,209086.6
YPO1D79,2025-02-08,209335.3
YPO1D79,2025-02-22,212625.2
YPO1D79,2025-03-06,215839.9
YPO1D79,2025-03-11,216985.8
YPO1D79,2025-03-26,220721.6
YPO1D79,2025-04-09,223469.2
YPO1D79,2025-04-21,226130.9
YPO1D79,2025-04-23,226626.7
YPO1D79,2025-04-30,228068.3
YPO1D79,2025-05-09,230374.0
YPO1D79,2025-05-12,231211.4
YPO1D79,2025-05-15,232091.2
YPO1D79,2025-05-16,232097.7
YPO1D79,2025-05-23,233500.5
YPO1D79,2025-05-28,234654.1
YPO1D79,2025-06-07,237311.1
YPO1D79,2025-06-14,239206.8
YPO1D79,2025-07-25,249096.7
YPO1D79,2025-08-05,251631.5
YPO1D79,2025-08-06,251914.0
YPO1D79,2025-08-09,252761.0
YPO1D79,2025-08-10,252991.4
YPO1D79,2025-08-17,254744.2
YPO1D79,2025-08-27,257467.6
YPO1D79,2025-08-30,258057.0
YPO1D79,2025-09-02,258895.8
YPO1D79,2025-09-03,259186.3
YPO1D79,2025-09-06,259490.2
YPO1D79,2025-09-09,260048.3
YPO1D79,2025-09-12,260908.0
YPO1D79,2025-09-14,261426.4
YPO1D79,2025-09-27,264551.7
YPO1D79,2025-10-02,265859.7
YPO1D79,2025-10-12,268662.6
YPO1D79,2025-10-16,269570.2
YPO1D79,2025-10-17,269908.2
YPO1D79,2025-10-21,270996.9
YPO1D79,2025-10-25,271796.8
YPO1D79,2025-10-30,272959.4
YPO1D79,2025-11-10,275848.2
YPO1D79,2025-11-15,276952.5
YPO1D79,2025-11-23,279142.0
YPO1D79,2025-11-25,279704.9
YPO1D79,2025-11-27,280254.6
YPO1D79,2025-12-02,281316.5
YPO1D79,2025-12-03,281591.1
YPO1D79,2025-12-18,285415.6
YPO1D79,2025-12-26,287635.7
YPO1D79,2026-01-10,291552.5
YPO1D79,2026-01-24,294861.6
YPO1D79,2026-02-02,297035.3
YPO1D79,2026-02-08,298784.0
YPO1D79,2026-02-15,300213.1
YPO1D79,2026-02-17,300724.8
YPO1D79,2026-02-22,301786.6
YPO1D79,2026-02-23,302047.4
YPO1D79,2026-03-13,306023.1
YPO1D79,2026-03-15,306606.4
YPO1D79,2026-03-25,308830.7
YPO1D79,2026-03-26,309116.3
YPO1D79,2026-04-04,311067.1
YPO1D79,2026-04-05,311388.6
YPO1D79,2026-04-10,312840.1
YPO1D79,2026-04-14,313371.4
YPO1D79,2026-04-19,314456.4
YPO1D79,2026-04-22,315301.0
YPO1D79,2026-04-29,316403.9
YPO1D79,2026-05-07,318022.5
YPO1D79,2026-05-08,318340.6
YPO1D79,2026-05-20,321143.1
YPO1D79,2026-05-27,322888.7
YPV7R01,2024-01-04,15997.7
YPV7R01,2024-01-06,16045.5
YPV7R01,2024-01-08,16120.7
YPV7R01,2024-01-16,16484.0
YPV7R01,2024-01-23,16789.8
YPV7R01,2024-02-23,17877.3
YPV7R01,2024-02-29,18118.6
YPV7R01,2024-03-03,18240.0
YPV7R01,2024-03-06,18336.9
YPV7R01,2024-03-10,18531.5
YPV7R01,2024-03-14,18639.5
YPV7R01,2024-04-28,20394.7
YPV7R01,2024-05-06,20736.7
YPV7R01,2024-05-14,20981.8
YPV7R01,2024-05-26,21374.1
YPV7R01,2024-06-06,21736.5
YPV7R01,2024-06-10,21864.3
YPV7R01,2024-06-19,22220.9
YPV7R01,2024-06-20,22269.4
YPV7R01,2024-07-03,22787.0
YPV7R01,2024-07-14,23176.8
YPV7R01,2024-07-16,23228.8
YPV7R01,2024-07-18,23326.2
YPV7R01,2024-07-19,23369.5
YPV7R01,2024-07-24,23597.2
YPV7R01,2024-07-27,23727.1
YPV7R01,2024-08-06,24154.1
YPV7R01,2024-08-10,24328.5
YPV7R01,2024-08-13,24463.1
YPV7R01,2024-08-26,24922.5
YPV7R01,2024-08-28,25005.8
YPV7R01,2024-09-04,25217.1
YPV7R01,2024-09-08,25379.4
YPV7R01,2024-09-12,25534.6
YPV7R01,2024-09-21,25734.5
YPV7R01,2024-09-24,25866.9
YPV7R01,2024-09-26,25952.8
YPV7R01,2024-10-10,26409.0
YPV7R01,2024-11-01,27274.7
YPV7R01,2024-11-06,27436.5
YPV7R01,2024-11-16,27818.5
YPV7R01,2024-11-17,27862.4
YPV7R01,2024-12-05,28674.7
YPV7R01,2024-12-17,29159.4
YPV7R01,2024-12-25,29466.4
YPV7R01,2024-12-31,29678.8
YPV7R01,2025-01-10,30071.5
YPV7R01,2025-01-22,30516.1
YPV7R01,2025-01-29,30713.7
YPV7R01,2025-02-06,30973.6
YPV7R01,2025-03-02,31927.3
YPV7R01,2025-03-25,32697.4
YPV7R01,2025-03-28,32806.4
YPV7R01,2025-04-03,32991.0
YPV7R01,2025-04-11,33330.1
YPV7R01,2025-04-12,33388.9
YPV7R01,2025-04-14,33457.8
YPV7R01,2025-04-17,33607.4
YPV7R01,2025-04-21,33727.4
YPV7R01,2025-04-25,33877.7
YPV7R01,2025-04-29,33970.9
YPV7R01,2025-05-07,34215.5
YPV7R01,2025-05-10,34356.5
YPV7R01,2025-05-14,34479.4
YPV7R01,2025-05-15,34515.3
YPV7R01,2025-05-22,34829.2
YPV7R01,2025-06-03,35343.3
YPV7R01,2025-06-07,35455.4
YPV7R01,2025-06-15,35733.3
YPV7R01,2025-07-12,36789.7
YPV7R01,2025-07-14,36876.4
YPV7R01,2025-07-19,37052.5
YPV7R01,2025-07-24,37246.0
YPV7R01,2025-07-25,37300.1
YPV7R01,2025-07-31,37552.1
YPV7R01,2025-08-02,37599.9
YPV7R01,2025-08-11,37919.1
YPV7R01,2025-08-18,38249.6
YPV7R01,2025-08-20,38338.2
YPV7R01,2025-08-27,38499.6
YPV7R01,2025-09-02,38703.5
YPV7R01,2025-09-04,38743.4
YPV7R01,2025-09-09,38923.9
YPV7R01,2025-09-12,39049.8
YPV7R01,2025-09-23,39541.8
YPV7R01,2025-10-02,39844.7
YPV7R01,2025-10-04,39872.1
YPV7R01,2025-10-25,40699.9
YPV7R01,2025-11-02,40981.1
YPV7R01,2025-11-04,41082.1
YPV7R01,2025-11-05,41126.9
YPV7R01,2025-11-16,41361.0
YPV7R01,2025-12-04,42067.3
YPV7R01,2025-12-12,42365.2
YPV7R01,2025-12-31,43155.8
YPV7R01,2026-01-12,43607.3
YPV7R01,2026-01-18,43811.5
YPV7R01,2026-01-25,44041.6
YPV7R01,2026-02-21,44993.6
YPV7R01,2026-03-18,46029.2
YPV7R01,2026-04-14,47000.9
YPV7R01,2026-04-21,47206.8
YPV7R01,2026-05-06,47788.2
YPV7R01,2026-05-09,47914.1
YPV7R01,2026-05-10,47961.1
YPV7R01,2026-05-12,48036.0
YPV7R01,2026-05-21,48336.5
